<?xml version="1.0" encoding="UTF-8" standalone="yes"?>
<addon id="plugin.video.sesame-street" name="SesameStreet.com" version="0.4.1" provider-name="amitkeret">
  <requires>
    <import addon="xbmc.python" version="2.1.0" />
    <import addon="xbmc.addon" version="12.0.0" />
    <import addon="script.module.simplejson" version="2.0.10" />
    <import addon="script.module.parsedom" version="2.5.1" />
    <import addon="script.module.beautifulsoup" />
  </requires>
  <extension point="xbmc.python.pluginsource" library="default.py">
    <provides>video</provides>
  </extension>
  <extension point="xbmc.addon.metadata">
    <summary lang="en">Sesame Street video add-on</summary>
    <description lang="en">Watch videos from SesameStreet.com</description>
    <disclaimer lang="en"></disclaimer>
    <language>en</language>
    <platform>all</platform>
    <website></website>
    <source>https://github.com/amitkeret/plugin.video.sesame-street</source>
    <email>amitkeretwork at gmail dot com</email>
  </extension>
</addon>