<addon id="skin.quartz.mod" version="0.7.0" name="Quartz Modded" provider-name="amitkeret">
  <requires>
    <import addon="xbmc.gui" version="5.0.1"/>
    <import addon="script.favourites" version="4.0.4"/>
    <import addon="service.skin.widgets" version="0.0.13"/>
  </requires>
  <extension
    point="xbmc.gui.skin"
    defaultthemename="Textures.xbt"
    debugging="false">
    <res width="1920" height="1080" aspect="16:9" default="true" folder="1080i" />
  </extension>
  <extension point="xbmc.addon.metadata">
    <platform>all</platform>
    <summary lang="en">Apple TV style skin</summary>
    <description lang="en">Modded version of Quartz skin by pecinko. Skin graphics by Baswazz.</description>
  </extension>
</addon>
