<?xml version="1.0" encoding="UTF-8"?>
<includes>
  <include name="ListVisibleFade">
    <animation effect="fade" end="100" delay="250" time="150">Visible</animation>
    <animation effect="fade" end="0" time="100">Hidden</animation>
  </include>
  <include name="LabelVisibleFade">
    <animation effect="fade" end="100" delay="100" time="300">Visible</animation>
    <animation effect="fade" end="0" time="100">Hidden</animation>
  </include>
  <include name="ShelfTopLabel">
    <posx>96</posx>
    <posy>51</posy>
    <height>45</height>
    <width>750</width>
    <align>left</align>
    <aligny>center</aligny>
    <font>size18</font>
    <textcolor>White2</textcolor>
    <shadowcolor>Shadow</shadowcolor>
  </include>
  <include name="PlayingInfo">
    <control type="label" description="Playing label">
      <posx>94</posx>
      <posy>-15</posy>
      <height>45</height>
      <width>750</width>
      <label>[B]$LOCALIZE[31023]:[/B]</label>
      <align>left</align>
      <aligny>center</aligny>
      <font>size18</font>
      <textcolor>White</textcolor>
      <shadowcolor>33FF000000</shadowcolor>
    </control>
    <control type="label" description="Title label">
      <posx>495</posx>
      <posy>192</posy>
      <height>45</height>
      <width>750</width>
      <label>[B]$INFO[MusicPlayer.Title]$INFO[VideoPlayer.Title][/B]</label>
      <align>left</align>
      <aligny>center</aligny>
      <font>size24</font>
      <textcolor>White2</textcolor>
      <shadowcolor>ShadowDark</shadowcolor>
    </control>
    <control type="label" description="Artist label">
      <posx>495</posx>
      <posy>243</posy>
      <height>45</height>
      <width>750</width>
      <label>$INFO[MusicPlayer.Artist]$INFO[VideoPlayer.Artist]$INFO[VideoPlayer.TVShowTitle]</label>
      <align>left</align>
      <aligny>center</aligny>
      <font>size18</font>
      <textcolor>White</textcolor>
      <shadowcolor>ShadowDark</shadowcolor>
    </control>
    <control type="label" description="Album Label">
      <posx>495</posx>
      <posy>279</posy>
      <height>45</height>
      <width>750</width>
      <label>$INFO[MusicPlayer.Album]$INFO[VideoPlayer.Album]$INFO[VideoPlayer.Season,$LOCALIZE[20373] , - ]$INFO[VideoPlayer.episode,$LOCALIZE[20359] ]</label>
      <align>left</align>
      <aligny>center</aligny>
      <font>size18</font>
      <textcolor>White</textcolor>
      <shadowcolor>ShadowDark</shadowcolor>
    </control>
    <control type="label" description="Time Label">
      <posx>495</posx>
      <posy>315</posy>
      <height>45</height>
      <width>488</width>
      <label>$INFO[Player.Time]$INFO[Player.Duration, / ]</label>
      <align>left</align>
      <aligny>center</aligny>
      <font>size17</font>
      <textcolor>White</textcolor>
      <shadowcolor>ShadowDark</shadowcolor>
    </control>
    <control type="image" description="Cover">
      <posx>94</posx>
      <posy>356</posy>
      <width>303</width>
      <height>303</height>
      <texture flipy="true" diffuse="img/ReflectionShelf.png">$INFO[MusicPlayer.Cover]</texture>
      <aspectratio scalediffuse="false">scale</aspectratio>
    </control>
    <control type="image" description="Cover">
      <visible>!Videoplayer.content(Movies)</visible>
      <posx>94</posx>
      <posy>54</posy>
      <width>303</width>
      <height>303</height>
      <texture>$INFO[MusicPlayer.Cover]$INFO[VideoPlayer.Cover]</texture>
      <aspectratio>scale</aspectratio>
    </control>
    <control type="image" description="Cover">
      <visible>VideoPlayer.content(Movies)</visible>
      <posx>94</posx>
      <posy>54</posy>
      <width>303</width>
      <height>303</height>
      <texture>$INFO[VideoPlayer.Cover]</texture>
      <aspectratio>keep</aspectratio>
    </control>
  </include>
  <include name="MoviesShortcutsCommons">
    <include>ListVisibleFade</include>
    <posx>72</posx>
    <posy>84</posy>
    <width>1778</width>
    <height>402</height>
    <orientation>horizontal</orientation>
    <scrolltime>400</scrolltime>
    <itemlayout condition="!Skin.HasSetting(MoviesShelf_Custom) + Library.HasContent(Movies)" height="387" width="254">
      <control type="image" description="Reflection">
        <posx>26</posx>
        <posy>330</posy>
        <width>202</width>
        <height>303</height>
        <texture fallback="DefaultVideo.png" background="true" diffuse="img/ReflectionShelf.png" flipy="true">$INFO[ListItem.Thumb]</texture>
        <aspectratio>scale</aspectratio>
      </control>
      <control type="image">
        <posx>26</posx>
        <posy>27</posy>
        <width>202</width>
        <height>303</height>
        <texture fallback="DefaultVideo.png" background="true">$INFO[ListItem.Thumb]</texture>
        <aspectratio>scale</aspectratio>
      </control>
    </itemlayout>
    <focusedlayout condition="!Skin.HasSetting(MoviesShelf_Custom) + Library.HasContent(Movies)" height="387" width="254">
      <control type="group">
        <control type="image" description="Reflection">
          <posx>26</posx>
          <posy>330</posy>
          <width>202</width>
          <height>303</height>
          <texture fallback="DefaultVideo.png" background="true" diffuse="img/ReflectionShelf.png" flipy="true">$INFO[ListItem.Thumb]</texture>
          <aspectratio>scale</aspectratio>
        </control>
        <control type="image">
          <posx>26</posx>
          <posy>27</posy>
          <width>202</width>
          <height>303</height>
          <texture fallback="DefaultVideo.png" background="true">$INFO[ListItem.Thumb]</texture>
          <aspectratio>scale</aspectratio>
        </control>
        <control type="label">
          <visible>ControlGroup(700).HasFocus()</visible>
          <animation effect="fade" start="0" end="100" time="200" delay="100">Focus</animation>
          <posx>120</posx>
          <posy>345</posy>
          <width>249</width>
          <height>30</height>
          <font>size17</font>
          <textcolor>White2</textcolor>
          <label>[B]$INFO[ListItem.Label][/B]</label>
          <align>center</align>
        </control>
      </control>
    </focusedlayout>
    <itemlayout condition="Skin.HasSetting(MoviesShelf_Custom)" height="357" width="354">
      <control type="image" description="Reflection">
        <posx>27</posx>
        <posy>330</posy>
        <width>303</width>
        <height>303</height>
        <texture background="true" diffuse="img/ReflectionShelf.png" flipy="true">$INFO[ListItem.Thumb]</texture>
        <aspectratio scalediffuse="false">scale</aspectratio>
      </control>
      <control type="image">
        <posx>27</posx>
        <posy>27</posy>
        <width>303</width>
        <height>303</height>
        <texture background="true">$INFO[ListItem.Thumb]</texture>
        <aspectratio>scale</aspectratio>
      </control>
    </itemlayout>
    <focusedlayout condition="Skin.HasSetting(MoviesShelf_Custom)" height="357" width="354">
      <control type="group">
        <control type="image" description="Reflection">
          <posx>27</posx>
          <posy>330</posy>
          <width>303</width>
          <height>303</height>
          <texture background="true" diffuse="img/ReflectionShelf.png" flipy="true">$INFO[ListItem.Thumb]</texture>
          <aspectratio>scale</aspectratio>
        </control>
        <control type="image">
          <posx>27</posx>
          <posy>27</posy>
          <width>303</width>
          <height>303</height>
          <texture background="true">$INFO[ListItem.Thumb]</texture>
          <aspectratio>scale</aspectratio>
        </control>
        <control type="label">
          <visible>ControlGroup(700).HasFocus()</visible>
          <animation effect="fade" start="0" end="100" time="200" delay="100">Focus</animation>
          <posx>178</posx>
          <posy>345</posy>
          <width>345</width>
          <height>30</height>
          <font>size17</font>
          <textcolor>White2</textcolor>
          <label>[B]$INFO[ListItem.Label][/B]</label>
          <align>center</align>
        </control>
      </control>
    </focusedlayout>
  </include>
  <include name="MusicShortcutsCommons">
    <include>ListVisibleFade</include>
    <posx>72</posx>
    <posy>84</posy>
    <width>1776</width>
    <height>402</height>
    <orientation>horizontal</orientation>
    <scrolltime>400</scrolltime>
    <itemlayout height="357" width="354">
      <control type="image" description="Reflection">
        <posx>27</posx>
        <posy>330</posy>
        <width>303</width>
        <height>303</height>
        <texture fallback="DefaultAudio.png" background="true" diffuse="img/ReflectionShelf.png" flipy="true">$INFO[ListItem.Thumb]</texture>
        <aspectratio scalediffuse="false">scale</aspectratio>
      </control>
      <control type="image">
        <posx>27</posx>
        <posy>27</posy>
        <width>303</width>
        <height>303</height>
        <texture fallback="DefaultAudio.png" background="true">$INFO[ListItem.Thumb]</texture>
        <aspectratio>scale</aspectratio>
      </control>
    </itemlayout>
    <focusedlayout height="357" width="354">
      <control type="group">
        <control type="image" description="Reflection">
          <posx>27</posx>
          <posy>330</posy>
          <width>303</width>
          <height>303</height>
          <texture fallback="DefaultAudio.png" background="true" diffuse="img/ReflectionShelf.png" flipy="true">$INFO[ListItem.Thumb]</texture>
          <aspectratio scalediffuse="false">scale</aspectratio>
        </control>
        <control type="image">
          <posx>27</posx>
          <posy>27</posy>
          <width>303</width>
          <height>303</height>
          <texture fallback="DefaultAudio.png" background="true">$INFO[ListItem.Thumb]</texture>
          <aspectratio>scale</aspectratio>
        </control>
        <control type="label">
          <visible>ControlGroup(700).HasFocus()</visible>
          <animation effect="fade" start="0" end="100" time="200" delay="100">Focus</animation>
          <posx>178</posx>
          <posy>345</posy>
          <width>345</width>
          <height>30</height>
          <font>size17</font>
          <textcolor>White2</textcolor>
          <label>[B]$INFO[ListItem.Label][/B]</label>
          <align>center</align>
        </control>
      </control>
    </focusedlayout>
  </include>
  <include name="EpisodeShortcutsCommons">
    <include>ListVisibleFade</include>
    <posx>72</posx>
    <posy>84</posy>
    <width>1776</width>
    <height>402</height>
    <orientation>horizontal</orientation>
    <scrolltime>400</scrolltime>
    <itemlayout condition="!Skin.HasSetting(TVShelf_Custom) + Library.HasContent(TVShows)" height="357" width="444">
      <control type="image" description="Reflection">
        <posx>27</posx>
        <posy>330</posy>
        <width>393</width>
        <height>303</height>
        <texture fallback="DefaultVideo.png" background="true" diffuse="img/ReflectionShelf.png" flipy="true">$INFO[ListItem.Thumb]</texture>
        <aspectratio scalediffuse="false">scale</aspectratio>
      </control>
      <control type="image">
        <posx>27</posx>
        <posy>27</posy>
        <width>393</width>
        <height>303</height>
        <texture fallback="DefaultVideo.png" background="true">$INFO[ListItem.Thumb]</texture>
        <aspectratio>scale</aspectratio>
      </control>
      <control type="group">
        <visible>!IsEmpty(ListItem.Label2)</visible>
        <control type="image">
          <posx>27</posx>
          <posy>243</posy>
          <width>393</width>
          <height>75</height>
          <texture>img/BlackDotT.png</texture>
          <aspectratio>stretch</aspectratio>
        </control>
        <control type="label">
          <posx>224</posx>
          <posy>249</posy>
          <width>375</width>
          <height>30</height>
          <font>size18</font>
          <textcolor>Silver</textcolor>
          <label>[B]$INFO[ListItem.Label2][/B]</label>
          <align>center</align>
        </control>
      </control>
      <control type="group">
        <visible>!IsEmpty(ListItem.Property(SeasonEpisode))</visible>
        <control type="label">
          <posx>224</posx>
          <posy>279</posy>
          <width>375</width>
          <height>36</height>
          <font>size15</font>
          <textcolor>Silver</textcolor>
          <label>[B][UPPERCASE]$INFO[ListItem.Property(SeasonEpisode)][/UPPERCASE][/B]</label>
          <align>center</align>
        </control>
      </control>
    </itemlayout>
    <focusedlayout condition="!Skin.HasSetting(TVShelf_Custom) + Library.HasContent(TVShows)" height="357" width="444">
      <control type="group">
        <control type="image" description="Reflection">
          <posx>27</posx>
          <posy>330</posy>
          <width>393</width>
          <height>303</height>
          <texture background="true" diffuse="img/ReflectionShelf.png" flipy="true">$INFO[ListItem.Thumb]</texture>
          <aspectratio scalediffuse="false">scale</aspectratio>
        </control>
        <control type="image">
          <posx>27</posx>
          <posy>27</posy>
          <width>393</width>
          <height>303</height>
          <texture background="true">$INFO[ListItem.Thumb]</texture>
          <aspectratio>scale</aspectratio>
        </control>
        <control type="group">
          <visible>!IsEmpty(ListItem.Label2)</visible>
          <control type="image">
            <posx>27</posx>
            <posy>243</posy>
            <width>393</width>
            <height>75</height>
            <texture>img/BlackDotT.png</texture>
            <aspectratio>stretch</aspectratio>
          </control>
          <control type="label">
            <posx>224</posx>
            <posy>249</posy>
            <width>375</width>
            <height>30</height>
            <font>size18</font>
            <textcolor>Silver</textcolor>
            <label>[B]$INFO[ListItem.Label2][/B]</label>
            <align>center</align>
          </control>
        </control>
        <control type="group">
          <visible>!IsEmpty(ListItem.Property(SeasonEpisode))</visible>
          <control type="label">
            <posx>224</posx>
            <posy>279</posy>
            <width>375</width>
            <height>36</height>
            <font>size15</font>
            <textcolor>Silver</textcolor>
            <label>[B][UPPERCASE]$INFO[ListItem.Property(SeasonEpisode)][/UPPERCASE][/B]</label>
            <align>center</align>
          </control>
        </control>
        <control type="group">
          <visible>ControlGroup(700).HasFocus()</visible>
          <control type="label">
            <animation effect="fade" start="0" end="100" time="200" delay="100">Focus</animation>
            <posx>224</posx>
            <posy>345</posy>
            <width>435</width>
            <height>30</height>
            <font>size17</font>
            <textcolor>White2</textcolor>
            <label>[B]$INFO[ListItem.Label][/B]</label>
            <align>center</align>
          </control>
        </control>
      </control>
    </focusedlayout>
    <itemlayout condition="Skin.HasSetting(TVShelf_Custom)" height="357" width="357">
      <control type="image" description="Reflection">
        <posx>27</posx>
        <posy>330</posy>
        <width>303</width>
        <height>303</height>
        <texture fallback="DefaultVideo.png" background="true" diffuse="img/ReflectionShelf.png" flipy="true">$INFO[ListItem.Thumb]</texture>
        <aspectratio scalediffuse="false">scale</aspectratio>
      </control>
      <control type="image">
        <posx>27</posx>
        <posy>27</posy>
        <width>303</width>
        <height>303</height>
        <texture fallback="DefaultVideo.png" background="true">$INFO[ListItem.Thumb]</texture>
        <aspectratio>scale</aspectratio>
      </control>
    </itemlayout>
    <focusedlayout condition="Skin.HasSetting(TVShelf_Custom)" height="357" width="357">
      <control type="group">
        <control type="image" description="Reflection">
          <posx>27</posx>
          <posy>330</posy>
          <width>303</width>
          <height>303</height>
          <texture fallback="DefaultVideo.png" background="true" diffuse="img/ReflectionShelf.png" flipy="true">$INFO[ListItem.Thumb]</texture>
          <aspectratio scalediffuse="false">scale</aspectratio>
        </control>
        <control type="image">
          <posx>27</posx>
          <posy>27</posy>
          <width>303</width>
          <height>303</height>
          <texture fallback="DefaultVideo.png" background="true">$INFO[ListItem.Thumb]</texture>
          <aspectratio>scale</aspectratio>
        </control>
        <control type="label">
          <visible>ControlGroup(700).HasFocus()</visible>
          <animation effect="fade" start="0" end="100" time="200" delay="100">Focus</animation>
          <posx>178</posx>
          <posy>345</posy>
          <width>345</width>
          <height>30</height>
          <font>size17</font>
          <textcolor>White2</textcolor>
          <label>[B]$INFO[ListItem.Label][/B]</label>
          <align>center</align>
        </control>
      </control>
    </focusedlayout>
  </include>
  <!--RA-->
  <include name="Movies_RA">
    <control type="group">
      <control type="label" description="Top Label">
        <visible>Control.IsVisible(311)</visible>
        <include>LabelVisibleFade</include>
        <include>ShelfTopLabel</include>
        <label>[B]$INFO[Container(311).ListItem.Property(ItemType)][/B]</label>
      </control>
      <control type="panel" id="311" description="TOP Shortcuts">
        <visible>[Library.HasContent(Movies) | Skin.HasSetting(MoviesShelf_Custom)] + [ControlGroup(9000).HasFocus(301) | Control.HasFocus(311)]</visible>
        <onup>noop</onup>
        <ondown>301</ondown>
        <onleft>311</onleft>
        <onright>311</onright>
        <include>MoviesShortcutsCommons</include>
        <content>
          <item id="1" description="Movies">
            <visible>!Skin.HasSetting(MoviesShelf_Custom)</visible>
            <visible>!IsEmpty(Window.Property(RecentMovie.1.File))</visible>
            <label>$INFO[Window.Property(RecentMovie.1.Title)]</label>
            <thumb>$INFO[Window.Property(RecentMovie.1.Art(poster))]</thumb>
            <property name="ItemType">$LOCALIZE[20386]</property>
            <onclick>PlayMedia($ESCINFO[Window(Home).Property(RecentMovie.1.File)])</onclick>
          </item>
          <item id="2" description="Shortcut2">
            <visible>!Skin.HasSetting(MoviesShelf_Custom)</visible>
            <visible>!IsEmpty(Window.Property(RecentMovie.2.File))</visible>
            <label>$INFO[Window.Property(RecentMovie.2.Title)]</label>
            <thumb>$INFO[Window.Property(RecentMovie.2.Art(poster))]</thumb>
            <property name="ItemType">$LOCALIZE[20386]</property>
            <onclick>PlayMedia($ESCINFO[Window(Home).Property(RecentMovie.2.File)])</onclick>
          </item>
          <item id="3" description="Shortcut3">
            <visible>!Skin.HasSetting(MoviesShelf_Custom)</visible>
            <visible>!IsEmpty(Window.Property(RecentMovie.3.File))</visible>
            <label>$INFO[Window.Property(RecentMovie.3.Title)]</label>
            <thumb>$INFO[Window.Property(RecentMovie.3.Art(poster))]</thumb>
            <property name="ItemType">$LOCALIZE[20386]</property>
            <onclick>PlayMedia($ESCINFO[Window(Home).Property(RecentMovie.3.File)])</onclick>
          </item>
          <item id="4" description="Shortcut4">
            <visible>!Skin.HasSetting(MoviesShelf_Custom)</visible>
            <visible>!IsEmpty(Window.Property(RecentMovie.4.File))</visible>
            <label>$INFO[Window.Property(RecentMovie.4.Title)]</label>
            <thumb>$INFO[Window.Property(RecentMovie.4.Art(poster))]</thumb>
            <property name="ItemType">$LOCALIZE[20386]</property>
            <onclick>PlayMedia($ESCINFO[Window(Home).Property(RecentMovie.4.File)])</onclick>
          </item>
          <item id="5" description="Shortcut5">
            <visible>!Skin.HasSetting(MoviesShelf_Custom)</visible>
            <visible>!IsEmpty(Window.Property(RecentMovie.5.File))</visible>
            <label>$INFO[Window.Property(RecentMovie.5.Title)]</label>
            <thumb>$INFO[Window.Property(RecentMovie.5.Art(poster))]</thumb>
            <property name="ItemType">$LOCALIZE[20386]</property>
            <onclick>PlayMedia($ESCINFO[Window(Home).Property(RecentMovie.5.File)])</onclick>
          </item>
          <item id="6" description="Movies">
            <visible>!Skin.HasSetting(MoviesShelf_Custom)</visible>
            <visible>!IsEmpty(Window.Property(RecentMovie.6.File))</visible>
            <label>$INFO[Window.Property(RecentMovie.6.Title)]</label>
            <thumb>$INFO[Window.Property(RecentMovie.6.Art(poster))]</thumb>
            <property name="ItemType">$LOCALIZE[20386]</property>
            <onclick>PlayMedia($ESCINFO[Window(Home).Property(RecentMovie.6.File)])</onclick>
          </item>
          <item id="7" description="Shortcut7">
            <visible>!Skin.HasSetting(MoviesShelf_Custom)</visible>
            <visible>!IsEmpty(Window.Property(RecentMovie.7.File))</visible>
            <label>$INFO[Window.Property(RecentMovie.7.Title)]</label>
            <thumb>$INFO[Window.Property(RecentMovie.7.Art(poster))]</thumb>
            <property name="ItemType">$LOCALIZE[20386]</property>
            <onclick>PlayMedia($ESCINFO[Window(Home).Property(RecentMovie.7.File)])</onclick>
          </item>
          <item id="8" description="Shortcut8">
            <visible>!Skin.HasSetting(MoviesShelf_Custom)</visible>
            <visible>!IsEmpty(Window.Property(RecentMovie.8.File))</visible>
            <label>$INFO[Window.Property(RecentMovie.8.Title)]</label>
            <thumb>$INFO[Window.Property(RecentMovie.8.Art(poster))]</thumb>
            <property name="ItemType">$LOCALIZE[20386]</property>
            <onclick>PlayMedia($ESCINFO[Window(Home).Property(RecentMovie.8.File)])</onclick>
          </item>
          <item id="9" description="Shortcut9">
            <visible>!Skin.HasSetting(MoviesShelf_Custom)</visible>
            <visible>!IsEmpty(Window.Property(RecentMovie.9.File))</visible>
            <label>$INFO[Window.Property(RecentMovie.9.Title)]</label>
            <thumb>$INFO[Window.Property(RecentMovie.9.Art(poster))]</thumb>
            <property name="ItemType">$LOCALIZE[20386]</property>
            <onclick>PlayMedia($ESCINFO[Window(Home).Property(RecentMovie.9.File)])</onclick>
          </item>
          <item id="10" description="Shortcut10">
            <visible>!Skin.HasSetting(MoviesShelf_Custom)</visible>
            <visible>!IsEmpty(Window.Property(RecentMovie.10.File))</visible>
            <label>$INFO[Window.Property(RecentMovie.10.Title)]</label>
            <thumb>$INFO[Window.Property(RecentMovie.10.Art(poster))]</thumb>
            <property name="ItemType">$LOCALIZE[20386]</property>
            <onclick>PlayMedia($ESCINFO[Window(Home).Property(RecentMovie.10.File)])</onclick>
          </item>
          <item id="1" description="Addons">
            <visible>Skin.HasSetting(MoviesShelf_Custom)</visible>
            <visible>!IsEmpty(Skin.String(ShelfMovies.1.Label))</visible>
            <label>$INFO[system.addontitle(Skin.String(ShelfMovies.1.Label))]</label>
            <thumb>$INFO[system.addonicon(Skin.String(ShelfMovies.1.Label))]</thumb>
            <onclick>RunAddon($INFO[Skin.String(ShelfMovies.1.Label)])</onclick>
            <property name="ItemType">$LOCALIZE[111]</property>
          </item>
          <item id="2" description="Addons">
            <visible>Skin.HasSetting(MoviesShelf_Custom)</visible>
            <visible>!IsEmpty(Skin.String(ShelfMovies.2.Label))</visible>
            <label>$INFO[system.addontitle(Skin.String(ShelfMovies.2.Label))]</label>
            <thumb>$INFO[system.addonicon(Skin.String(ShelfMovies.2.Label))]</thumb>
            <onclick>RunAddon($INFO[Skin.String(ShelfMovies.2.Label)])</onclick>
            <property name="ItemType">$LOCALIZE[111]</property>
          </item>
          <item id="3" description="Addons">
            <visible>Skin.HasSetting(MoviesShelf_Custom)</visible>
            <visible>!IsEmpty(Skin.String(ShelfMovies.3.Label))</visible>
            <label>$INFO[system.addontitle(Skin.String(ShelfMovies.3.Label))]</label>
            <thumb>$INFO[system.addonicon(Skin.String(ShelfMovies.3.Label))]</thumb>
            <onclick>RunAddon($INFO[Skin.String(ShelfMovies.3.Label)])</onclick>
            <property name="ItemType">$LOCALIZE[111]</property>
          </item>
          <item id="4" description="Addons">
            <visible>Skin.HasSetting(MoviesShelf_Custom)</visible>
            <visible>!IsEmpty(Skin.String(ShelfMovies.4.Label))</visible>
            <label>$INFO[system.addontitle(Skin.String(ShelfMovies.4.Label))]</label>
            <thumb>$INFO[system.addonicon(Skin.String(ShelfMovies.4.Label))]</thumb>
            <onclick>RunAddon($INFO[Skin.String(ShelfMovies.4.Label)])</onclick>
            <property name="ItemType">$LOCALIZE[111]</property>
          </item>
          <item id="5" description="Addons">
            <visible>Skin.HasSetting(MoviesShelf_Custom)</visible>
            <visible>!IsEmpty(Skin.String(ShelfMovies.5.Label))</visible>
            <label>$INFO[system.addontitle(Skin.String(ShelfMovies.5.Label))]</label>
            <thumb>$INFO[system.addonicon(Skin.String(ShelfMovies.5.Label))]</thumb>
            <onclick>RunAddon($INFO[Skin.String(ShelfMovies.5.Label)])</onclick>
            <property name="ItemType">$LOCALIZE[111]</property>
          </item>
          <item id="6" description="Fav">
            <visible>Skin.HasSetting(MoviesShelf_Custom)</visible>
            <visible>!IsEmpty(Skin.String(ShelfMovies.6.Label))</visible>
            <label>$INFO[Skin.String(ShelfMovies.6.Label)]</label>
            <thumb>$INFO[Skin.String(ShelfMovies.6.Icon)]</thumb>
            <onclick>$INFO[Skin.String(ShelfMovies.6.Path)]</onclick>
            <property name="ItemType">$LOCALIZE[111]</property>
          </item>
          <item id="7" description="Fav">
            <visible>Skin.HasSetting(MoviesShelf_Custom)</visible>
            <visible>!IsEmpty(Skin.String(ShelfMovies.7.Label))</visible>
            <label>$INFO[Skin.String(ShelfMovies.7.Label)]</label>
            <thumb>$INFO[Skin.String(ShelfMovies.7.Icon)]</thumb>
            <onclick>$INFO[Skin.String(ShelfMovies.7.Path)]</onclick>
            <property name="ItemType">$LOCALIZE[111]</property>
          </item>
          <item id="8" description="Fav">
            <visible>Skin.HasSetting(MoviesShelf_Custom)</visible>
            <visible>!IsEmpty(Skin.String(ShelfMovies.8.Label))</visible>
            <label>$INFO[Skin.String(ShelfMovies.8.Label)]</label>
            <thumb>$INFO[Skin.String(ShelfMovies.8.Icon)]</thumb>
            <onclick>$INFO[Skin.String(ShelfMovies.8.Path)]</onclick>
            <property name="ItemType">$LOCALIZE[111]</property>
          </item>
          <item id="9" description="Fav">
            <visible>Skin.HasSetting(MoviesShelf_Custom)</visible>
            <visible>!IsEmpty(Skin.String(ShelfMovies.9.Label))</visible>
            <label>$INFO[Skin.String(ShelfMovies.9.Label)]</label>
            <thumb>$INFO[Skin.String(ShelfMovies.9.Icon)]</thumb>
            <onclick>$INFO[Skin.String(ShelfMovies.9.Path)]</onclick>
            <property name="ItemType">$LOCALIZE[111]</property>
          </item>
          <item id="10" description="Fav">
            <visible>Skin.HasSetting(MoviesShelf_Custom)</visible>
            <visible>!IsEmpty(Skin.String(ShelfMovies.10.Label))</visible>
            <label>$INFO[Skin.String(ShelfMovies.10.Label)]</label>
            <thumb>$INFO[Skin.String(ShelfMovies.10.Icon)]</thumb>
            <onclick>$INFO[Skin.String(ShelfMovies.10.Path)]</onclick>
            <property name="ItemType">$LOCALIZE[111]</property>
          </item>
        </content>
      </control>
      <control type="image">
        <visible>Control.HasFocus(311) + Skin.HasSetting(MoviesShelf_Custom)</visible>
        <posx>74</posx>
        <posy>86</posy>
        <width>350</width>
        <height>350</height>
        <texture border="28">img/Frame25.png</texture>
        <aspectratio>stretch</aspectratio>
        <animation condition="Container(311).Position(0)" effect="slide" start="0,0" end="0,0" time="220" easing="inout" reversible="true">Conditional</animation>
        <animation condition="Container(311).Position(1)" effect="slide" start="0,0" end="354,0" time="220" easing="inout" reversible="true">Conditional</animation>
        <animation condition="Container(311).Position(2)" effect="slide" start="0,0" end="708,0" time="220" easing="inout" reversible="true">Conditional</animation>
        <animation condition="Container(311).Position(3)" effect="slide" start="0,0" end="1062,0" time="220" easing="inout" reversible="true">Conditional</animation>
        <animation condition="Container(311).Position(4)" effect="slide" start="0,0" end="1416,0" time="220" easing="inout" reversible="true">Conditional</animation>
      </control>
      <control type="image">
        <visible>Control.HasFocus(311) + !Skin.HasSetting(MoviesShelf_Custom)</visible>
        <posx>73</posx>
        <posy>86</posy>
        <width>252</width>
        <height>352</height>
        <texture border="28">img/Frame25.png</texture>
        <aspectratio>stretch</aspectratio>
        <animation condition="Container(311).Position(0)" effect="slide" start="0,0" end="0,0" time="220" easing="inout" reversible="true">Conditional</animation>
        <animation condition="Container(311).Position(1)" effect="slide" start="0,0" end="254,0" time="220" easing="inout" reversible="true">Conditional</animation>
        <animation condition="Container(311).Position(2)" effect="slide" start="0,0" end="508,0" time="220" easing="inout" reversible="true">Conditional</animation>
        <animation condition="Container(311).Position(3)" effect="slide" start="0,0" end="762,0" time="220" easing="inout" reversible="true">Conditional</animation>
        <animation condition="Container(311).Position(4)" effect="slide" start="0,0" end="1016,0" time="220" easing="inout" reversible="true">Conditional</animation>
        <animation condition="Container(311).Position(5)" effect="slide" start="0,0" end="1270,0" time="220" easing="inout" reversible="true">Conditional</animation>
        <animation condition="Container(311).Position(6)" effect="slide" start="0,0" end="1524,0" time="220" easing="inout" reversible="true">Conditional</animation>
      </control>
    </control>
  </include>
  <include name="TV_RA">
    <control type="group">
      <control type="label" description="Top Label">
        <visible>Control.IsVisible(312)</visible>
        <include>LabelVisibleFade</include>
        <include>ShelfTopLabel</include>
        <label>[B]$INFO[Container(312).ListItem.Property(ItemType)][/B]</label>
      </control>
      <control type="panel" id="312" description="TOP Shortcuts">
        <visible>[Library.HasContent(TVShows) | Skin.HasSetting(TVShelf_Custom)] + [ControlGroup(9000).HasFocus(302) | Control.HasFocus(312)]</visible>
        <onup>noop</onup>
        <ondown>302</ondown>
        <onleft>312</onleft>
        <onright>312</onright>
        <include>EpisodeShortcutsCommons</include>
        <content>
          <item id="1" description="Episodes1">
            <visible>!Skin.HasSetting(TVShelf_Custom)</visible>
            <visible>!IsEmpty(Window.Property(RecentEpisode.1.File))</visible>
            <label>$INFO[Window.Property(RecentEpisode.1.Title)]</label>
            <label2>$INFO[Window.Property(RecentEpisode.1.TVshowTitle)]</label2>
            <property name="SeasonEpisode">$INFO[Window.Property(RecentEpisode.1.Season),S,•]$INFO[Window.Property(RecentEpisode.1.Episode),E]</property>
            <thumb>$INFO[Window.Property(RecentEpisode.1.Art(thumb))]</thumb>
            <property name="ItemType">$LOCALIZE[20387]</property>
            <onclick>PlayMedia($ESCINFO[Window(Home).Property(RecentEpisode.1.File)])</onclick>
          </item>
          <item id="2" description="Shortcut2">
            <visible>!Skin.HasSetting(TVShelf_Custom)</visible>
            <visible>!IsEmpty(Window.Property(RecentEpisode.2.File))</visible>
            <label>$INFO[Window.Property(RecentEpisode.2.Title)]</label>
            <label2>$INFO[Window.Property(RecentEpisode.2.TVshowTitle)]</label2>
            <property name="SeasonEpisode">$INFO[Window.Property(RecentEpisode.2.Season),S,•]$INFO[Window.Property(RecentEpisode.2.Episode),E]</property>
            <thumb>$INFO[Window.Property(RecentEpisode.2.Art(thumb))]</thumb>
            <property name="ItemType">$LOCALIZE[20387]</property>
            <onclick>PlayMedia($ESCINFO[Window(Home).Property(RecentEpisode.2.File)])</onclick>
          </item>
          <item id="3" description="Shortcut3">
            <visible>!Skin.HasSetting(TVShelf_Custom)</visible>
            <visible>!IsEmpty(Window.Property(RecentEpisode.3.File))</visible>
            <label>$INFO[Window.Property(RecentEpisode.3.Title)]</label>
            <label2>$INFO[Window.Property(RecentEpisode.3.TVshowTitle)]</label2>
            <property name="SeasonEpisode">$INFO[Window.Property(RecentEpisode.3.Season),S,•]$INFO[Window.Property(RecentEpisode.3.Episode),E]</property>
            <thumb>$INFO[Window.Property(RecentEpisode.3.Art(thumb))]</thumb>
            <property name="ItemType">$LOCALIZE[20387]</property>
            <onclick>PlayMedia($ESCINFO[Window(Home).Property(RecentEpisode.3.File)])</onclick>
          </item>
          <item id="4" description="Shortcut4">
            <visible>!Skin.HasSetting(TVShelf_Custom)</visible>
            <visible>!IsEmpty(Window.Property(RecentEpisode.4.File))</visible>
            <label>$INFO[Window.Property(RecentEpisode.4.Title)]</label>
            <label2>$INFO[Window.Property(RecentEpisode.4.TVshowTitle)]</label2>
            <property name="SeasonEpisode">$INFO[Window.Property(RecentEpisode.4.Season),S,•]$INFO[Window.Property(RecentEpisode.4.Episode),E]</property>
            <thumb>$INFO[Window.Property(RecentEpisode.4.Art(thumb))]</thumb>
            <property name="ItemType">$LOCALIZE[20387]</property>
            <onclick>PlayMedia($ESCINFO[Window(Home).Property(RecentEpisode.4.File)])</onclick>
          </item>
          <item id="5" description="Shortcut5">
            <visible>!Skin.HasSetting(TVShelf_Custom)</visible>
            <visible>!IsEmpty(Window.Property(RecentEpisode.5.File))</visible>
            <label>$INFO[Window.Property(RecentEpisode.5.Title)]</label>
            <label2>$INFO[Window.Property(RecentEpisode.5.TVshowTitle)]</label2>
            <property name="SeasonEpisode">$INFO[Window.Property(RecentEpisode.5.Season),S,•]$INFO[Window.Property(RecentEpisode.5.Episode),E]</property>
            <thumb>$INFO[Window.Property(RecentEpisode.5.Art(thumb))]</thumb>
            <property name="ItemType">$LOCALIZE[20387]</property>
            <onclick>PlayMedia($ESCINFO[Window(Home).Property(RecentEpisode.5.File)])</onclick>
          </item>
          <item id="6" description="Shortcut6">
            <visible>!Skin.HasSetting(TVShelf_Custom)</visible>
            <visible>!IsEmpty(Window.Property(RecentEpisode.6.File))</visible>
            <label>$INFO[Window.Property(RecentEpisode.6.Title)]</label>
            <label2>$INFO[Window.Property(RecentEpisode.6.TVshowTitle)]</label2>
            <property name="SeasonEpisode">$INFO[Window.Property(RecentEpisode.6.Season),S,•]$INFO[Window.Property(RecentEpisode.6.Episode),E]</property>
            <thumb>$INFO[Window.Property(RecentEpisode.6.Art(thumb))]</thumb>
            <property name="ItemType">$LOCALIZE[20387]</property>
            <onclick>PlayMedia($ESCINFO[Window(Home).Property(RecentEpisode.6.File)])</onclick>
          </item>
          <item id="7" description="Shortcut7">
            <visible>!Skin.HasSetting(TVShelf_Custom)</visible>
            <visible>!IsEmpty(Window.Property(RecentEpisode.7.File))</visible>
            <label>$INFO[Window.Property(RecentEpisode.7.Title)]</label>
            <label2>$INFO[Window.Property(RecentEpisode.7.TVshowTitle)]</label2>
            <property name="SeasonEpisode">$INFO[Window.Property(RecentEpisode.7.Season),S,•]$INFO[Window.Property(RecentEpisode.7.Episode),E]</property>
            <thumb>$INFO[Window.Property(RecentEpisode.7.Art(thumb))]</thumb>
            <property name="ItemType">$LOCALIZE[20387]</property>
            <onclick>PlayMedia($ESCINFO[Window(Home).Property(RecentEpisode.7.File)])</onclick>
          </item>
          <item id="8" description="Shortcut8">
            <visible>!Skin.HasSetting(TVShelf_Custom)</visible>
            <visible>!IsEmpty(Window.Property(RecentEpisode.8.File))</visible>
            <label>$INFO[Window.Property(RecentEpisode.8.Title)]</label>
            <label2>$INFO[Window.Property(RecentEpisode.8.TVshowTitle)]</label2>
            <property name="SeasonEpisode">$INFO[Window.Property(RecentEpisode.8.Season),S,•]$INFO[Window.Property(RecentEpisode.8.Episode),E]</property>
            <thumb>$INFO[Window.Property(RecentEpisode.8.Art(thumb))]</thumb>
            <property name="ItemType">$LOCALIZE[20387]</property>
            <onclick>PlayMedia($ESCINFO[Window(Home).Property(RecentEpisode.8.File)])</onclick>
          </item>
          <item id="9" description="Shortcut9">
            <visible>!Skin.HasSetting(TVShelf_Custom)</visible>
            <visible>!IsEmpty(Window.Property(RecentEpisode.9.File))</visible>
            <label>$INFO[Window.Property(RecentEpisode.9.Title)]</label>
            <label2>$INFO[Window.Property(RecentEpisode.9.TVshowTitle)]</label2>
            <property name="SeasonEpisode">$INFO[Window.Property(RecentEpisode.9.Season),S,•]$INFO[Window.Property(RecentEpisode.9.Episode),E]</property>
            <thumb>$INFO[Window.Property(RecentEpisode.9.Art(thumb))]</thumb>
            <property name="ItemType">$LOCALIZE[20387]</property>
            <onclick>PlayMedia($ESCINFO[Window(Home).Property(RecentEpisode.9.File)])</onclick>
          </item>
          <item id="10" description="Shortcut10">
            <visible>!Skin.HasSetting(TVShelf_Custom)</visible>
            <visible>!IsEmpty(Window.Property(RecentEpisode.10.File))</visible>
            <label>$INFO[Window.Property(RecentEpisode.10.Title)]</label>
            <label2>$INFO[Window.Property(RecentEpisode.10.TVshowTitle)]</label2>
            <property name="SeasonEpisode">$INFO[Window.Property(RecentEpisode.10.Season),S,•]$INFO[Window.Property(RecentEpisode.10.Episode),E]</property>
            <thumb>$INFO[Window.Property(RecentEpisode.10.Art(thumb))]</thumb>
            <property name="ItemType">$LOCALIZE[20387]</property>
            <onclick>PlayMedia($ESCINFO[Window(Home).Property(RecentEpisode.10.File)])</onclick>
          </item>
          <item id="1" description="Addons">
            <visible>Skin.HasSetting(TVShelf_Custom)</visible>
            <visible>!IsEmpty(Skin.String(ShelfTV.1.Label))</visible>
            <label>$INFO[system.addontitle(Skin.String(ShelfTV.1.Label))]</label>
            <thumb>$INFO[system.addonicon(Skin.String(ShelfTV.1.Label))]</thumb>
            <onclick>RunAddon($INFO[Skin.String(ShelfTV.1.Label)])</onclick>
            <property name="ItemType">$LOCALIZE[111]</property>
          </item>
          <item id="2" description="Addons">
            <visible>Skin.HasSetting(TVShelf_Custom)</visible>
            <visible>!IsEmpty(Skin.String(ShelfTV.2.Label))</visible>
            <label>$INFO[system.addontitle(Skin.String(ShelfTV.2.Label))]</label>
            <thumb>$INFO[system.addonicon(Skin.String(ShelfTV.2.Label))]</thumb>
            <onclick>RunAddon($INFO[Skin.String(ShelfTV.2.Label)])</onclick>
            <property name="ItemType">$LOCALIZE[111]</property>
          </item>
          <item id="3" description="Addons">
            <visible>Skin.HasSetting(TVShelf_Custom)</visible>
            <visible>!IsEmpty(Skin.String(ShelfTV.3.Label))</visible>
            <label>$INFO[system.addontitle(Skin.String(ShelfTV.3.Label))]</label>
            <thumb>$INFO[system.addonicon(Skin.String(ShelfTV.3.Label))]</thumb>
            <onclick>RunAddon($INFO[Skin.String(ShelfTV.3.Label)])</onclick>
            <property name="ItemType">$LOCALIZE[111]</property>
          </item>
          <item id="4" description="Addons">
            <visible>Skin.HasSetting(TVShelf_Custom)</visible>
            <visible>!IsEmpty(Skin.String(ShelfTV.4.Label))</visible>
            <label>$INFO[system.addontitle(Skin.String(ShelfTV.4.Label))]</label>
            <thumb>$INFO[system.addonicon(Skin.String(ShelfTV.4.Label))]</thumb>
            <onclick>RunAddon($INFO[Skin.String(ShelfTV.4.Label)])</onclick>
            <property name="ItemType">$LOCALIZE[111]</property>
          </item>
          <item id="5" description="Addons">
            <visible>Skin.HasSetting(TVShelf_Custom)</visible>
            <visible>!IsEmpty(Skin.String(ShelfTV.5.Label))</visible>
            <label>$INFO[system.addontitle(Skin.String(ShelfTV.5.Label))]</label>
            <thumb>$INFO[system.addonicon(Skin.String(ShelfTV.5.Label))]</thumb>
            <onclick>RunAddon($INFO[Skin.String(ShelfTV.5.Label)])</onclick>
            <property name="ItemType">$LOCALIZE[111]</property>
          </item>
          <item id="6" description="Fav">
            <visible>Skin.HasSetting(TVShelf_Custom)</visible>
            <visible>!IsEmpty(Skin.String(ShelfTV.6.Path))</visible>
            <label>$INFO[Skin.String(ShelfTV.6.Label)]</label>
            <thumb>$INFO[Skin.String(ShelfTV.6.Icon)]</thumb>
            <onclick>$INFO[Skin.String(ShelfTV.6.Path)]</onclick>
            <property name="ItemType">$LOCALIZE[111]</property>
          </item>
          <item id="7" description="Fav">
            <visible>Skin.HasSetting(TVShelf_Custom)</visible>
            <visible>!IsEmpty(Skin.String(ShelfTV.7.Path))</visible>
            <label>$INFO[Skin.String(ShelfTV.7.Label)]</label>
            <thumb>$INFO[Skin.String(ShelfTV.7.Icon)]</thumb>
            <onclick>$INFO[Skin.String(ShelfTV.7.Path)]</onclick>
            <property name="ItemType">$LOCALIZE[111]</property>
          </item>
          <item id="8" description="Fav">
            <visible>Skin.HasSetting(TVShelf_Custom)</visible>
            <visible>!IsEmpty(Skin.String(ShelfTV.8.Path))</visible>
            <label>$INFO[Skin.String(ShelfTV.8.Label)]</label>
            <thumb>$INFO[Skin.String(ShelfTV.8.Icon)]</thumb>
            <onclick>$INFO[Skin.String(ShelfTV.8.Path)]</onclick>
            <property name="ItemType">$LOCALIZE[111]</property>
          </item>
          <item id="9" description="Fav">
            <visible>Skin.HasSetting(TVShelf_Custom)</visible>
            <visible>!IsEmpty(Skin.String(ShelfTV.9.Path))</visible>
            <label>$INFO[Skin.String(ShelfTV.9.Label)]</label>
            <thumb>$INFO[Skin.String(ShelfTV.9.Icon)]</thumb>
            <onclick>$INFO[Skin.String(ShelfTV.9.Path)]</onclick>
            <property name="ItemType">$LOCALIZE[111]</property>
          </item>
          <item id="10" description="Fav">
            <visible>Skin.HasSetting(TVShelf_Custom)</visible>
            <visible>!IsEmpty(Skin.String(ShelfTV.10.Path))</visible>
            <label>$INFO[Skin.String(ShelfTV.10.Label)]</label>
            <thumb>$INFO[Skin.String(ShelfTV.10.Icon)]</thumb>
            <onclick>$INFO[Skin.String(ShelfTV.10.Path)]</onclick>
            <property name="ItemType">$LOCALIZE[111]</property>
          </item>
        </content>
      </control>
      <control type="image">
        <visible>Control.HasFocus(312) + Skin.HasSetting(TVShelf_Custom)</visible>
        <posx>74</posx>
        <posy>86</posy>
        <width>350</width>
        <height>350</height>
        <texture border="28">img/Frame25.png</texture>
        <aspectratio>stretch</aspectratio>
        <animation condition="Container(312).Position(0)" effect="slide" start="0,0" end="0,0" time="220" easing="inout" reversible="true">Conditional</animation>
        <animation condition="Container(312).Position(1)" effect="slide" start="0,0" end="354,0" time="220" easing="inout" reversible="true">Conditional</animation>
        <animation condition="Container(312).Position(2)" effect="slide" start="0,0" end="708,0" time="220" easing="inout" reversible="true">Conditional</animation>
        <animation condition="Container(312).Position(3)" effect="slide" start="0,0" end="1062,0" time="220" easing="inout" reversible="true">Conditional</animation>
        <animation condition="Container(312).Position(4)" effect="slide" start="0,0" end="1416,0" time="220" easing="inout" reversible="true">Conditional</animation>
      </control>
      <control type="image">
        <visible>Control.HasFocus(312) + !Skin.HasSetting(TVShelf_Custom)</visible>
        <posx>74</posx>
        <posy>86</posy>
        <width>443</width>
        <height>350</height>
        <texture border="28">img/Frame25.png</texture>
        <aspectratio>stretch</aspectratio>
        <animation condition="Container(312).Position(0)" effect="slide" start="0,0" end="0,0" time="220" easing="inout" reversible="true">Conditional</animation>
        <animation condition="Container(312).Position(1)" effect="slide" start="0,0" end="444,0" time="220" easing="inout" reversible="true">Conditional</animation>
        <animation condition="Container(312).Position(2)" effect="slide" start="0,0" end="888,0" time="220" easing="inout" reversible="true">Conditional</animation>
        <animation condition="Container(312).Position(3)" effect="slide" start="0,0" end="1332,0" time="220" easing="inout" reversible="true">Conditional</animation>
      </control>
    </control>
  </include>
  <include name="Music_RA">
    <control type="group">
      <control type="label" description="Top Label">
        <visible>Control.IsVisible(313)</visible>
        <include>LabelVisibleFade</include>
        <include>ShelfTopLabel</include>
        <label>[B]$INFO[Container(313).ListItem.Property(ItemType)][/B]</label>
      </control>
      <control type="panel" id="313" description="TOP Shortcuts">
        <visible>[Library.HasContent(musicvideos) | Library.HasContent(music) | Skin.HasSetting(MusicShelf_Custom)] + [ControlGroup(9000).HasFocus(303) | Control.HasFocus(313)]</visible>
        <onup>303</onup>
        <ondown>303</ondown>
        <onleft>313</onleft>
        <onright>313</onright>
        <include>MusicShortcutsCommons</include>
        <content>
          <item id="1" description="Music">
            <visible>!Skin.HasSetting(MusicShelf_Custom)</visible>
            <visible>!IsEmpty(Window.Property(RecentAlbum.1.Play))</visible>
            <label>$INFO[Window.Property(RecentAlbum.1.Artist),, - ]$INFO[Window.Property(RecentAlbum.1.Title)]</label>
            <onclick>PlayList.Clear</onclick>
            <onclick>$INFO[Window(Home).Property(RecentAlbum.1.Play)]</onclick>
            <thumb>$INFO[Window.Property(RecentAlbum.1.Art(thumb))]</thumb>
            <property name="ItemType">$LOCALIZE[359]</property>
          </item>
          <item id="2" description="Shortcut2">
            <visible>!Skin.HasSetting(MusicShelf_Custom)</visible>
            <visible>!IsEmpty(Window.Property(RecentAlbum.2.Play))</visible>
            <label>$INFO[Window.Property(RecentAlbum.2.Artist),, - ]$INFO[Window.Property(RecentAlbum.2.Title)]</label>
            <onclick>PlayList.Clear</onclick>
            <onclick>$INFO[Window(Home).Property(RecentAlbum.2.Play)]</onclick>
            <thumb>$INFO[Window.Property(RecentAlbum.2.Art(thumb))]</thumb>
            <property name="ItemType">$LOCALIZE[359]</property>
          </item>
          <item id="3" description="Shortcut3">
            <visible>!Skin.HasSetting(MusicShelf_Custom)</visible>
            <visible>!IsEmpty(Window.Property(RecentAlbum.3.Play))</visible>
            <label>$INFO[Window.Property(RecentAlbum.3.Artist),, - ]$INFO[Window.Property(RecentAlbum.3.Title)]</label>
            <onclick>PlayList.Clear</onclick>
            <onclick>$INFO[Window(Home).Property(RecentAlbum.3.Play)]</onclick>
            <thumb>$INFO[Window.Property(RecentAlbum.3.Art(thumb))]</thumb>
            <property name="ItemType">$LOCALIZE[359]</property>
          </item>
          <item id="4" description="Shortcut4">
            <visible>!Skin.HasSetting(MusicShelf_Custom)</visible>
            <visible>!IsEmpty(Window.Property(RecentAlbum.4.Play))</visible>
            <label>$INFO[Window.Property(RecentAlbum.4.Artist),, - ]$INFO[Window.Property(RecentAlbum.4.Title)]</label>
            <onclick>PlayList.Clear</onclick>
            <onclick>$INFO[Window(Home).Property(RecentAlbum.4.Play)]</onclick>
            <thumb>$INFO[Window.Property(RecentAlbum.4.Art(thumb))]</thumb>
            <property name="ItemType">$LOCALIZE[359]</property>
          </item>
          <item id="5" description="Shortcut5">
            <visible>!Skin.HasSetting(MusicShelf_Custom)</visible>
            <visible>!IsEmpty(Window.Property(RecentAlbum.5.Play))</visible>
            <label>$INFO[Window.Property(RecentAlbum.5.Artist),, - ]$INFO[Window.Property(RecentAlbum.5.Title)]</label>
            <onclick>PlayList.Clear</onclick>
            <onclick>$INFO[Window(Home).Property(RecentAlbum.5.Play)]</onclick>
            <thumb>$INFO[Window.Property(RecentAlbum.5.Art(thumb))]</thumb>
            <property name="ItemType">$LOCALIZE[359]</property>
          </item>
          <item id="6" description="Music">
            <visible>!Skin.HasSetting(MusicShelf_Custom)</visible>
            <visible>!IsEmpty(Window.Property(RecentAlbum.6.Play))</visible>
            <label>$INFO[Window.Property(RecentAlbum.6.Artist),, - ]$INFO[Window.Property(RecentAlbum.6.Title)]</label>
            <onclick>PlayList.Clear</onclick>
            <onclick>$INFO[Window(Home).Property(RecentAlbum.6.Play)]</onclick>
            <thumb>$INFO[Window.Property(RecentAlbum.6.Art(thumb))]</thumb>
            <property name="ItemType">$LOCALIZE[359]</property>
          </item>
          <item id="7" description="Shortcut7">
            <visible>!Skin.HasSetting(MusicShelf_Custom)</visible>
            <visible>!IsEmpty(Window.Property(RecentAlbum.7.Play))</visible>
            <label>$INFO[Window.Property(RecentAlbum.7.Artist),, - ]$INFO[Window.Property(RecentAlbum.7.Title)]</label>
            <onclick>PlayList.Clear</onclick>
            <onclick>$INFO[Window(Home).Property(RecentAlbum.7.Play)]</onclick>
            <thumb>$INFO[Window.Property(RecentAlbum.7.Art(thumb))]</thumb>
            <property name="ItemType">$LOCALIZE[359]</property>
          </item>
          <item id="8" description="Shortcut8">
            <visible>!Skin.HasSetting(MusicShelf_Custom)</visible>
            <visible>!IsEmpty(Window.Property(RecentAlbum.8.Play))</visible>
            <label>$INFO[Window.Property(RecentAlbum.8.Artist),, - ]$INFO[Window.Property(RecentAlbum.8.Title)]</label>
            <onclick>PlayList.Clear</onclick>
            <onclick>$INFO[Window(Home).Property(RecentAlbum.8.Play)]</onclick>
            <thumb>$INFO[Window.Property(RecentAlbum.8.Art(thumb))]</thumb>
            <property name="ItemType">$LOCALIZE[359]</property>
          </item>
          <item id="9" description="Shortcut9">
            <visible>!Skin.HasSetting(MusicShelf_Custom)</visible>
            <visible>!IsEmpty(Window.Property(RecentAlbum.9.Play))</visible>
            <label>$INFO[Window.Property(RecentAlbum.9.Artist),, - ]$INFO[Window.Property(RecentAlbum.9.Title)]</label>
            <onclick>PlayList.Clear</onclick>
            <onclick>$INFO[Window(Home).Property(RecentAlbum.9.Play)]</onclick>
            <thumb>$INFO[Window.Property(RecentAlbum.9.Art(thumb))]</thumb>
            <property name="ItemType">$LOCALIZE[359]</property>
          </item>
          <item id="10" description="Shortcut10">
            <visible>!Skin.HasSetting(MusicShelf_Custom)</visible>
            <visible>!IsEmpty(Window.Property(RecentAlbum.10.Play))</visible>
            <label>$INFO[Window.Property(RecentAlbum.10.Artist),, - ]$INFO[Window.Property(RecentAlbum.10.Title)]</label>
            <onclick>PlayList.Clear</onclick>
            <onclick>$INFO[Window(Home).Property(RecentAlbum.10.Play)]</onclick>
            <thumb>$INFO[Window.Property(RecentAlbum.10.Art(thumb))]</thumb>
            <property name="ItemType">$LOCALIZE[359]</property>
          </item>
          <item id="1" description="Music Videos">
            <visible>!Skin.HasSetting(MusicShelf_Custom)</visible>
            <visible>!IsEmpty(Window(Home).Property(RecentMusicVideo.1.File))</visible>
            <label>$INFO[Window(Home).Property(RecentMusicVideo.1.Title)]</label>
            <label2>$INFO[Window(Home).Property(RecentMusicVideo.1.Artist)]</label2>
            <onclick>PlayList.Clear</onclick>
            <onclick>PlayMedia($ESCINFO[Window(Home).Property(RecentMusicVideo.1.File)])</onclick>
            <thumb>$INFO[Window(Home).Property(RecentMusicVideo.1.Art(thumb))]</thumb>
            <property name="ItemType">$LOCALIZE[20390]</property>
          </item>
          <item id="2" description="Shortcut2">
            <visible>!Skin.HasSetting(MusicShelf_Custom)</visible>
            <visible>!IsEmpty(Window(Home).Property(RecentMusicVideo.2.File))</visible>
            <label>$INFO[Window(Home).Property(RecentMusicVideo.2.Title)]</label>
            <label2>$INFO[Window(Home).Property(RecentMusicVideo.2.Artist)]</label2>
            <onclick>PlayList.Clear</onclick>
            <onclick>PlayMedia($ESCINFO[Window(Home).Property(RecentMusicVideo.2.File)])</onclick>
            <thumb>$INFO[Window(Home).Property(RecentMusicVideo.2.Art(thumb))]</thumb>
            <property name="ItemType">$LOCALIZE[20390]</property>
          </item>
          <item id="3" description="Shortcut3">
            <visible>!Skin.HasSetting(MusicShelf_Custom)</visible>
            <visible>!IsEmpty(Window(Home).Property(RecentMusicVideo.3.File))</visible>
            <label>$INFO[Window(Home).Property(RecentMusicVideo.3.Title)]</label>
            <label2>$INFO[Window(Home).Property(RecentMusicVideo.3.Artist)]</label2>
            <onclick>PlayList.Clear</onclick>
            <onclick>PlayMedia($ESCINFO[Window(Home).Property(RecentMusicVideo.3.File)])</onclick>
            <thumb>$INFO[Window(Home).Property(RecentMusicVideo.3.Art(thumb))]</thumb>
            <property name="ItemType">$LOCALIZE[20390]</property>
          </item>
          <item id="4" description="Shortcut4">
            <visible>!Skin.HasSetting(MusicShelf_Custom)</visible>
            <visible>!IsEmpty(Window(Home).Property(RecentMusicVideo.4.File))</visible>
            <label>$INFO[Window(Home).Property(RecentMusicVideo.4.Title)]</label>
            <label2>$INFO[Window(Home).Property(RecentMusicVideo.4.Artist)]</label2>
            <onclick>PlayList.Clear</onclick>
            <onclick>PlayMedia($ESCINFO[Window(Home).Property(RecentMusicVideo.4.File)])</onclick>
            <thumb>$INFO[Window(Home).Property(RecentMusicVideo.4.Art(thumb))]</thumb>
            <property name="ItemType">$LOCALIZE[20390]</property>
          </item>
          <item id="5" description="Shortcut5">
            <visible>!Skin.HasSetting(MusicShelf_Custom)</visible>
            <visible>!IsEmpty(Window(Home).Property(RecentMusicVideo.5.File))</visible>
            <label>$INFO[Window(Home).Property(RecentMusicVideo.5.Title)]</label>
            <label2>$INFO[Window(Home).Property(RecentMusicVideo.5.Artist)]</label2>
            <onclick>PlayList.Clear</onclick>
            <onclick>PlayMedia($ESCINFO[Window(Home).Property(RecentMusicVideo.5.File)])</onclick>
            <thumb>$INFO[Window(Home).Property(RecentMusicVideo.5.Art(thumb))]</thumb>
            <property name="ItemType">$LOCALIZE[20390]</property>
          </item>
          <item id="6" description="Music">
            <visible>!Skin.HasSetting(MusicShelf_Custom)</visible>
            <visible>!IsEmpty(Window(Home).Property(RecentMusicVideo.6.File))</visible>
            <label>$INFO[Window(Home).Property(RecentMusicVideo.6.Title)]</label>
            <label2>$INFO[Window(Home).Property(RecentMusicVideo.6.Artist)]</label2>
            <onclick>PlayList.Clear</onclick>
            <onclick>PlayMedia($ESCINFO[Window(Home).Property(RecentMusicVideo.6.File)])</onclick>
            <thumb>$INFO[Window(Home).Property(RecentMusicVideo.6.Art(thumb))]</thumb>
            <property name="ItemType">$LOCALIZE[20390]</property>
          </item>
          <item id="7" description="Shortcut7">
            <visible>!Skin.HasSetting(MusicShelf_Custom)</visible>
            <visible>!IsEmpty(Window(Home).Property(RecentMusicVideo.7.File))</visible>
            <label>$INFO[Window(Home).Property(RecentMusicVideo.7.Title)]</label>
            <label2>$INFO[Window(Home).Property(RecentMusicVideo.7.Artist)]</label2>
            <onclick>PlayList.Clear</onclick>
            <onclick>PlayMedia($ESCINFO[Window(Home).Property(RecentMusicVideo.7.File)])</onclick>
            <thumb>$INFO[Window(Home).Property(RecentMusicVideo.7.Art(thumb))]</thumb>
            <property name="ItemType">$LOCALIZE[20390]</property>
          </item>
          <item id="8" description="Shortcut8">
            <visible>!Skin.HasSetting(MusicShelf_Custom)</visible>
            <visible>!IsEmpty(Window(Home).Property(RecentMusicVideo.8.File))</visible>
            <label>$INFO[Window(Home).Property(RecentMusicVideo.8.Title)]</label>
            <label2>$INFO[Window(Home).Property(RecentMusicVideo.8.Artist)]</label2>
            <onclick>PlayList.Clear</onclick>
            <onclick>PlayMedia($ESCINFO[Window(Home).Property(RecentMusicVideo.8.File)])</onclick>
            <thumb>$INFO[Window(Home).Property(RecentMusicVideo.8.Art(thumb))]</thumb>
            <property name="ItemType">$LOCALIZE[20390]</property>
          </item>
          <item id="9" description="Shortcut9">
            <visible>!Skin.HasSetting(MusicShelf_Custom)</visible>
            <visible>!IsEmpty(Window(Home).Property(RecentMusicVideo.9.File))</visible>
            <label>$INFO[Window(Home).Property(RecentMusicVideo.9.Title)]</label>
            <label2>$INFO[Window(Home).Property(RecentMusicVideo.9.Artist)]</label2>
            <onclick>PlayList.Clear</onclick>
            <onclick>PlayMedia($ESCINFO[Window(Home).Property(RecentMusicVideo.9.File)])</onclick>
            <thumb>$INFO[Window(Home).Property(RecentMusicVideo.9.Art(thumb))]</thumb>
            <property name="ItemType">$LOCALIZE[20390]</property>
          </item>
          <item id="10" description="Shortcut10">
            <visible>!Skin.HasSetting(MusicShelf_Custom)</visible>
            <visible>!IsEmpty(Window(Home).Property(RecentMusicVideo.10.File))</visible>
            <label>$INFO[Window(Home).Property(RecentMusicVideo.10.Title)]</label>
            <label2>$INFO[Window(Home).Property(RecentMusicVideo.10.Artist)]</label2>
            <onclick>PlayList.Clear</onclick>
            <onclick>PlayMedia($ESCINFO[Window(Home).Property(RecentMusicVideo.10.File)])</onclick>
            <thumb>$INFO[Window(Home).Property(RecentMusicVideo.10.Art(thumb))]</thumb>
            <property name="ItemType">$LOCALIZE[20390]</property>
          </item>
          <item id="1" description="Most Played">
            <visible>!Skin.HasSetting(MusicShelf_Custom)</visible>
            <visible>!IsEmpty(Window(Home).Property(WatchList_Album.1.Path))</visible>
            <label>$INFO[Window(Home).Property(WatchList_Album.1.Label)]$INFO[Window(Home).Property(WatchList_Album.1.Artist), - ]</label>
            <onclick>$INFO[Window(Home).Property(WatchList_Album.1.Path)]</onclick>
            <thumb>$INFO[Window(Home).Property(WatchList_Album.1.Thumb)]</thumb>
            <property name="ItemType">$LOCALIZE[31987]</property>
          </item>
          <item id="2" description="Most Played">
            <visible>!Skin.HasSetting(MusicShelf_Custom)</visible>
            <visible>!IsEmpty(Window(Home).Property(WatchList_Album.2.Path))</visible>
            <label>$INFO[Window(Home).Property(WatchList_Album.2.Label)]$INFO[Window(Home).Property(WatchList_Album.2.Artist), - ]</label>
            <onclick>$INFO[Window(Home).Property(WatchList_Album.2.Path)]</onclick>
            <thumb>$INFO[Window(Home).Property(WatchList_Album.2.Thumb)]</thumb>
            <property name="ItemType">$LOCALIZE[31987]</property>
          </item>
          <item id="3" description="Most Played">
            <visible>!Skin.HasSetting(MusicShelf_Custom)</visible>
            <visible>!IsEmpty(Window(Home).Property(WatchList_Album.3.Path))</visible>
            <label>$INFO[Window(Home).Property(WatchList_Album.3.Label)]$INFO[Window(Home).Property(WatchList_Album.3.Artist), - ]</label>
            <onclick>$INFO[Window(Home).Property(WatchList_Album.3.Path)]</onclick>
            <thumb>$INFO[Window(Home).Property(WatchList_Album.3.Thumb)]</thumb>
            <property name="ItemType">$LOCALIZE[31987]</property>
          </item>
          <item id="4" description="Most Played">
            <visible>!Skin.HasSetting(MusicShelf_Custom)</visible>
            <visible>!IsEmpty(Window(Home).Property(WatchList_Album.4.Path))</visible>
            <label>$INFO[Window(Home).Property(WatchList_Album.4.Label)]$INFO[Window(Home).Property(WatchList_Album.4.Artist), - ]</label>
            <onclick>$INFO[Window(Home).Property(WatchList_Album.4.Path)]</onclick>
            <thumb>$INFO[Window(Home).Property(WatchList_Album.4.Thumb)]</thumb>
            <property name="ItemType">$LOCALIZE[31987]</property>
          </item>
          <item id="5" description="Most Played">
            <visible>!Skin.HasSetting(MusicShelf_Custom)</visible>
            <visible>!IsEmpty(Window(Home).Property(WatchList_Album.5.Path))</visible>
            <label>$INFO[Window(Home).Property(WatchList_Album.5.Label)]$INFO[Window(Home).Property(WatchList_Album.5.Artist), - ]</label>
            <onclick>$INFO[Window(Home).Property(WatchList_Album.5.Path)]</onclick>
            <thumb>$INFO[Window(Home).Property(WatchList_Album.5.Thumb)]</thumb>
            <property name="ItemType">$LOCALIZE[31987]</property>
          </item>
          <item id="6" description="Most Played">
            <visible>!Skin.HasSetting(MusicShelf_Custom)</visible>
            <visible>!IsEmpty(Window(Home).Property(WatchList_Album.6.Path))</visible>
            <label>$INFO[Window(Home).Property(WatchList_Album.6.Label)]$INFO[Window(Home).Property(WatchList_Album.6.Artist), - ]</label>
            <onclick>$INFO[Window(Home).Property(WatchList_Album.6.Path)]</onclick>
            <thumb>$INFO[Window(Home).Property(WatchList_Album.6.Thumb)]</thumb>
            <property name="ItemType">$LOCALIZE[31987]</property>
          </item>
          <item id="7" description="Most Played">
            <visible>!Skin.HasSetting(MusicShelf_Custom)</visible>
            <visible>!IsEmpty(Window(Home).Property(WatchList_Album.7.Path))</visible>
            <label>$INFO[Window(Home).Property(WatchList_Album.7.Label)]$INFO[Window(Home).Property(WatchList_Album.7.Artist), - ]</label>
            <onclick>$INFO[Window(Home).Property(WatchList_Album.7.Path)]</onclick>
            <thumb>$INFO[Window(Home).Property(WatchList_Album.7.Thumb)]</thumb>
            <property name="ItemType">$LOCALIZE[31987]</property>
          </item>
          <item id="8" description="Most Played">
            <visible>!Skin.HasSetting(MusicShelf_Custom)</visible>
            <visible>!IsEmpty(Window(Home).Property(WatchList_Album.8.Path))</visible>
            <label>$INFO[Window(Home).Property(WatchList_Album.8.Label)]$INFO[Window(Home).Property(WatchList_Album.8.Artist), - ]</label>
            <onclick>$INFO[Window(Home).Property(WatchList_Album.8.Path)]</onclick>
            <thumb>$INFO[Window(Home).Property(WatchList_Album.8.Thumb)]</thumb>
            <property name="ItemType">$LOCALIZE[31987]</property>
          </item>
          <item id="9" description="Most Played">
            <visible>!Skin.HasSetting(MusicShelf_Custom)</visible>
            <visible>!IsEmpty(Window(Home).Property(WatchList_Album.9.Path))</visible>
            <label>$INFO[Window(Home).Property(WatchList_Album.9.Label)]$INFO[Window(Home).Property(WatchList_Album.9.Artist), - ]</label>
            <onclick>$INFO[Window(Home).Property(WatchList_Album.9.Path)]</onclick>
            <thumb>$INFO[Window(Home).Property(WatchList_Album.9.Thumb)]</thumb>
            <property name="ItemType">$LOCALIZE[31987]</property>
          </item>
          <item id="10" description="Most Played">
            <visible>!Skin.HasSetting(MusicShelf_Custom)</visible>
            <visible>!IsEmpty(Window(Home).Property(WatchList_Album.10.Path))</visible>
            <label>$INFO[Window(Home).Property(WatchList_Album.10.Label)]$INFO[Window(Home).Property(WatchList_Album.10.Artist), - ]</label>
            <onclick>$INFO[Window(Home).Property(WatchList_Album.10.Path)]</onclick>
            <thumb>$INFO[Window(Home).Property(WatchList_Album.10.Thumb)]</thumb>
            <property name="ItemType">$LOCALIZE[31987]</property>
          </item>
          <item id="1" description="Addons">
            <visible>Skin.HasSetting(MusicShelf_Custom)</visible>
            <visible>!IsEmpty(Skin.String(ShelfMusic.1.Label))</visible>
            <label>$INFO[system.addontitle(Skin.String(ShelfMusic.1.Label))]</label>
            <thumb>$INFO[system.addonicon(Skin.String(ShelfMusic.1.Label))]</thumb>
            <onclick>RunAddon($INFO[Skin.String(ShelfMusic.1.Label)])</onclick>
            <property name="ItemType">$LOCALIZE[111]</property>
          </item>
          <item id="2" description="Addons">
            <visible>Skin.HasSetting(MusicShelf_Custom)</visible>
            <visible>!IsEmpty(Skin.String(ShelfMusic.2.Label))</visible>
            <label>$INFO[system.addontitle(Skin.String(ShelfMusic.2.Label))]</label>
            <thumb>$INFO[system.addonicon(Skin.String(ShelfMusic.2.Label))]</thumb>
            <onclick>RunAddon($INFO[Skin.String(ShelfMusic.2.Label)])</onclick>
            <property name="ItemType">$LOCALIZE[111]</property>
          </item>
          <item id="3" description="Addons">
            <visible>Skin.HasSetting(MusicShelf_Custom)</visible>
            <visible>!IsEmpty(Skin.String(ShelfMusic.3.Label))</visible>
            <label>$INFO[system.addontitle(Skin.String(ShelfMusic.3.Label))]</label>
            <thumb>$INFO[system.addonicon(Skin.String(ShelfMusic.3.Label))]</thumb>
            <onclick>RunAddon($INFO[Skin.String(ShelfMusic.3.Label)])</onclick>
            <property name="ItemType">$LOCALIZE[111]</property>
          </item>
          <item id="4" description="Addons">
            <visible>Skin.HasSetting(MusicShelf_Custom)</visible>
            <visible>!IsEmpty(Skin.String(ShelfMusic.4.Label))</visible>
            <label>$INFO[system.addontitle(Skin.String(ShelfMusic.4.Label))]</label>
            <thumb>$INFO[system.addonicon(Skin.String(ShelfMusic.4.Label))]</thumb>
            <onclick>RunAddon($INFO[Skin.String(ShelfMusic.4.Label)])</onclick>
            <property name="ItemType">$LOCALIZE[111]</property>
          </item>
          <item id="5" description="Addons">
            <visible>Skin.HasSetting(MusicShelf_Custom)</visible>
            <visible>!IsEmpty(Skin.String(ShelfMusic.5.Label))</visible>
            <label>$INFO[system.addontitle(Skin.String(ShelfMusic.5.Label))]</label>
            <thumb>$INFO[system.addonicon(Skin.String(ShelfMusic.5.Label))]</thumb>
            <onclick>RunAddon($INFO[Skin.String(ShelfMusic.5.Label)])</onclick>
            <property name="ItemType">$LOCALIZE[111]</property>
          </item>
          <item id="6" description="Fav">
            <visible>Skin.HasSetting(MusicShelf_Custom)</visible>
            <visible>!IsEmpty(Skin.String(ShelfMusic.6.Path))</visible>
            <label>$INFO[Skin.String(ShelfMusic.6.Label)]</label>
            <thumb>$INFO[Skin.String(ShelfMusic.6.Icon)]</thumb>
            <onclick>$INFO[Skin.String(ShelfMusic.6.Path)]</onclick>
            <property name="ItemType">$LOCALIZE[111]</property>
          </item>
          <item id="7" description="Fav">
            <visible>Skin.HasSetting(MusicShelf_Custom)</visible>
            <visible>!IsEmpty(Skin.String(ShelfMusic.7.Path))</visible>
            <label>$INFO[Skin.String(ShelfMusic.7.Label)]</label>
            <thumb>$INFO[Skin.String(ShelfMusic.7.Icon)]</thumb>
            <onclick>$INFO[Skin.String(ShelfMusic.7.Path)]</onclick>
            <property name="ItemType">$LOCALIZE[111]</property>
          </item>
          <item id="8" description="Fav">
            <visible>Skin.HasSetting(MusicShelf_Custom)</visible>
            <visible>!IsEmpty(Skin.String(ShelfMusic.8.Path))</visible>
            <label>$INFO[Skin.String(ShelfMusic.8.Label)]</label>
            <thumb>$INFO[Skin.String(ShelfMusic.8.Icon)]</thumb>
            <onclick>$INFO[Skin.String(ShelfMusic.8.Path)]</onclick>
            <property name="ItemType">$LOCALIZE[111]</property>
          </item>
          <item id="9" description="Fav">
            <visible>Skin.HasSetting(MusicShelf_Custom)</visible>
            <visible>!IsEmpty(Skin.String(ShelfMusic.9.Path))</visible>
            <label>$INFO[Skin.String(ShelfMusic.9.Label)]</label>
            <thumb>$INFO[Skin.String(ShelfMusic.9.Icon)]</thumb>
            <onclick>$INFO[Skin.String(ShelfMusic.9.Path)]</onclick>
            <property name="ItemType">$LOCALIZE[111]</property>
          </item>
          <item id="10" description="Fav">
            <visible>Skin.HasSetting(MusicShelf_Custom)</visible>
            <visible>!IsEmpty(Skin.String(ShelfMusic.10.Path))</visible>
            <label>$INFO[Skin.String(ShelfMusic.10.Label)]</label>
            <thumb>$INFO[Skin.String(ShelfMusic.10.Icon)]</thumb>
            <onclick>$INFO[Skin.String(ShelfMusic.10.Path)]</onclick>
            <property name="ItemType">$LOCALIZE[111]</property>
          </item>
        </content>
      </control>
      <control type="image">
        <visible>Control.HasFocus(313)</visible>
        <posx>74</posx>
        <posy>86</posy>
        <width>350</width>
        <height>350</height>
        <texture border="28">img/Frame25.png</texture>
        <aspectratio>stretch</aspectratio>
        <animation condition="Container(313).Position(0)" effect="slide" start="0,0" end="0,0" time="220" easing="inout" reversible="true">Conditional</animation>
        <animation condition="Container(313).Position(1)" effect="slide" start="0,0" end="354,0" time="220" easing="inout" reversible="true">Conditional</animation>
        <animation condition="Container(313).Position(2)" effect="slide" start="0,0" end="708,0" time="220" easing="inout" reversible="true">Conditional</animation>
        <animation condition="Container(313).Position(3)" effect="slide" start="0,0" end="1062,0" time="220" easing="inout" reversible="true">Conditional</animation>
        <animation condition="Container(313).Position(4)" effect="slide" start="0,0" end="1416,0" time="220" easing="inout" reversible="true">Conditional</animation>
      </control>
    </control>
  </include>
  <include name="Pictures_Shortcuts">
    <control type="group">
      <control type="label" description="Top Label">
        <visible>Control.IsVisible(314)</visible>
        <include>LabelVisibleFade</include>
        <include>ShelfTopLabel</include>
        <label>[B]$INFO[Container(314).ListItem.Property(ItemType)][/B]</label>
      </control>
      <control type="panel" id="314" description="TOP Shortcuts">
        <visible>ControlGroup(9000).HasFocus(304) | Control.HasFocus(314)</visible>
        <onup>304</onup>
        <ondown>304</ondown>
        <onleft>314</onleft>
        <onright>314</onright>
        <include>MusicShortcutsCommons</include>
        <content>
          <item id="1" description="Addons">
            <visible>Skin.HasSetting(PicturesShelf_Custom)</visible>
            <visible>!IsEmpty(Skin.String(ShelfPictures.1.Label))</visible>
            <label>$INFO[system.addontitle(Skin.String(ShelfPictures.1.Label))]</label>
            <thumb>$INFO[system.addonicon(Skin.String(ShelfPictures.1.Label))]</thumb>
            <onclick>RunAddon($INFO[Skin.String(ShelfPictures.1.Label)])</onclick>
            <property name="ItemType">$LOCALIZE[111]</property>
          </item>
          <item id="2" description="Addons">
            <visible>Skin.HasSetting(PicturesShelf_Custom)</visible>
            <visible>!IsEmpty(Skin.String(ShelfPictures.2.Label))</visible>
            <label>$INFO[system.addontitle(Skin.String(ShelfPictures.2.Label))]</label>
            <thumb>$INFO[system.addonicon(Skin.String(ShelfPictures.2.Label))]</thumb>
            <onclick>RunAddon($INFO[Skin.String(ShelfPictures.2.Label)])</onclick>
            <property name="ItemType">$LOCALIZE[111]</property>
          </item>
          <item id="3" description="Addons">
            <visible>Skin.HasSetting(PicturesShelf_Custom)</visible>
            <visible>!IsEmpty(Skin.String(ShelfPictures.3.Label))</visible>
            <label>$INFO[system.addontitle(Skin.String(ShelfPictures.3.Label))]</label>
            <thumb>$INFO[system.addonicon(Skin.String(ShelfPictures.3.Label))]</thumb>
            <onclick>RunAddon($INFO[Skin.String(ShelfPictures.3.Label)])</onclick>
            <property name="ItemType">$LOCALIZE[111]</property>
          </item>
          <item id="4" description="Addons">
            <visible>Skin.HasSetting(PicturesShelf_Custom)</visible>
            <visible>!IsEmpty(Skin.String(ShelfPictures.4.Label))</visible>
            <label>$INFO[system.addontitle(Skin.String(ShelfPictures.4.Label))]</label>
            <thumb>$INFO[system.addonicon(Skin.String(ShelfPictures.4.Label))]</thumb>
            <onclick>RunAddon($INFO[Skin.String(ShelfPictures.4.Label)])</onclick>
            <property name="ItemType">$LOCALIZE[111]</property>
          </item>
          <item id="5" description="Addons">
            <visible>Skin.HasSetting(PicturesShelf_Custom)</visible>
            <visible>!IsEmpty(Skin.String(ShelfPictures.5.Label))</visible>
            <label>$INFO[system.addontitle(Skin.String(ShelfPictures.5.Label))]</label>
            <thumb>$INFO[system.addonicon(Skin.String(ShelfPictures.5.Label))]</thumb>
            <onclick>RunAddon($INFO[Skin.String(ShelfPictures.5.Label)])</onclick>
            <property name="ItemType">$LOCALIZE[111]</property>
          </item>
          <item id="6" description="Fav">
            <visible>Skin.HasSetting(PicturesShelf_Custom)</visible>
            <visible>!IsEmpty(Skin.String(ShelfPictures.6.Path))</visible>
            <label>$INFO[Skin.String(ShelfPictures.6.Label)]</label>
            <thumb>$INFO[Skin.String(ShelfPictures.6.Icon)]</thumb>
            <onclick>$INFO[Skin.String(ShelfPictures.6.Path)]</onclick>
            <property name="ItemType">$LOCALIZE[111]</property>
          </item>
          <item id="7" description="Fav">
            <visible>Skin.HasSetting(PicturesShelf_Custom)</visible>
            <visible>!IsEmpty(Skin.String(ShelfPictures.7.Path))</visible>
            <label>$INFO[Skin.String(ShelfPictures.7.Label)]</label>
            <thumb>$INFO[Skin.String(ShelfPictures.7.Icon)]</thumb>
            <onclick>$INFO[Skin.String(ShelfPictures.7.Path)]</onclick>
            <property name="ItemType">$LOCALIZE[111]</property>
          </item>
          <item id="8" description="Fav">
            <visible>Skin.HasSetting(PicturesShelf_Custom)</visible>
            <visible>!IsEmpty(Skin.String(ShelfPictures.8.Path))</visible>
            <label>$INFO[Skin.String(ShelfPictures.8.Label)]</label>
            <thumb>$INFO[Skin.String(ShelfPictures.8.Icon)]</thumb>
            <onclick>$INFO[Skin.String(ShelfPictures.8.Path)]</onclick>
            <property name="ItemType">$LOCALIZE[111]</property>
          </item>
          <item id="9" description="Fav">
            <visible>Skin.HasSetting(PicturesShelf_Custom)</visible>
            <visible>!IsEmpty(Skin.String(ShelfPictures.9.Path))</visible>
            <label>$INFO[Skin.String(ShelfPictures.9.Label)]</label>
            <thumb>$INFO[Skin.String(ShelfPictures.9.Icon)]</thumb>
            <onclick>$INFO[Skin.String(ShelfPictures.9.Path)]</onclick>
            <property name="ItemType">$LOCALIZE[111]</property>
          </item>
          <item id="10" description="Fav">
            <visible>Skin.HasSetting(PicturesShelf_Custom)</visible>
            <visible>!IsEmpty(Skin.String(ShelfPictures.10.Path))</visible>
            <label>$INFO[Skin.String(ShelfPictures.10.Label)]</label>
            <thumb>$INFO[Skin.String(ShelfPictures.10.Icon)]</thumb>
            <onclick>$INFO[Skin.String(ShelfPictures.10.Path)]</onclick>
            <property name="ItemType">$LOCALIZE[111]</property>
          </item>
        </content>
      </control>
      <control type="image">
        <visible>Control.HasFocus(314)</visible>
        <posx>74</posx>
        <posy>86</posy>
        <width>350</width>
        <height>350</height>
        <texture border="28">img/Frame25.png</texture>
        <aspectratio>stretch</aspectratio>
        <animation condition="Container(314).Position(0)" effect="slide" start="0,0" end="0,0" time="220" easing="inout" reversible="true">Conditional</animation>
        <animation condition="Container(314).Position(1)" effect="slide" start="0,0" end="354,0" time="220" easing="inout" reversible="true">Conditional</animation>
        <animation condition="Container(314).Position(2)" effect="slide" start="0,0" end="708,0" time="220" easing="inout" reversible="true">Conditional</animation>
        <animation condition="Container(314).Position(3)" effect="slide" start="0,0" end="1062,0" time="220" easing="inout" reversible="true">Conditional</animation>
        <animation condition="Container(314).Position(4)" effect="slide" start="0,0" end="1416,0" time="220" easing="inout" reversible="true">Conditional</animation>
      </control>
    </control>
  </include>
  <include name="Addons_Shortcuts">
    <control type="group">
      <control type="label" description="Top Label">
        <visible>Control.IsVisible(315)</visible>
        <include>ShelfTopLabel</include>
        <include>LabelVisibleFade</include>
        <label>[B]$INFO[Container(315).ListItem.Property(ItemType)][/B]</label>
      </control>
      <control type="panel" id="315" description="TOP Shortcuts">
        <visible>ControlGroup(9000).HasFocus(305) | Control.HasFocus(315)</visible>
        <onup>305</onup>
        <ondown>305</ondown>
        <onleft>315</onleft>
        <onright>315</onright>
        <include>MusicShortcutsCommons</include>
        <content>
          <item id="1" description="Addons">
            <visible>Skin.HasSetting(AddonsShelf_Custom)</visible>
            <visible>!IsEmpty(Skin.String(ShelfAddons.1.Label))</visible>
            <label>$INFO[system.addontitle(Skin.String(ShelfAddons.1.Label))]</label>
            <thumb>$INFO[system.addonicon(Skin.String(ShelfAddons.1.Label))]</thumb>
            <onclick>RunAddon($INFO[Skin.String(ShelfAddons.1.Label)])</onclick>
            <property name="ItemType">$LOCALIZE[111]</property>
          </item>
          <item id="2" description="Addons">
            <visible>Skin.HasSetting(AddonsShelf_Custom)</visible>
            <visible>!IsEmpty(Skin.String(ShelfAddons.2.Label))</visible>
            <label>$INFO[system.addontitle(Skin.String(ShelfAddons.2.Label))]</label>
            <thumb>$INFO[system.addonicon(Skin.String(ShelfAddons.2.Label))]</thumb>
            <onclick>RunAddon($INFO[Skin.String(ShelfAddons.2.Label)])</onclick>
            <property name="ItemType">$LOCALIZE[111]</property>
          </item>
          <item id="3" description="Addons">
            <visible>Skin.HasSetting(AddonsShelf_Custom)</visible>
            <visible>!IsEmpty(Skin.String(ShelfAddons.3.Label))</visible>
            <label>$INFO[system.addontitle(Skin.String(ShelfAddons.3.Label))]</label>
            <thumb>$INFO[system.addonicon(Skin.String(ShelfAddons.3.Label))]</thumb>
            <onclick>RunAddon($INFO[Skin.String(ShelfAddons.3.Label)])</onclick>
            <property name="ItemType">$LOCALIZE[111]</property>
          </item>
          <item id="4" description="Addons">
            <visible>Skin.HasSetting(AddonsShelf_Custom)</visible>
            <visible>!IsEmpty(Skin.String(ShelfAddons.4.Label))</visible>
            <label>$INFO[system.addontitle(Skin.String(ShelfAddons.4.Label))]</label>
            <thumb>$INFO[system.addonicon(Skin.String(ShelfAddons.4.Label))]</thumb>
            <onclick>RunAddon($INFO[Skin.String(ShelfAddons.4.Label)])</onclick>
            <property name="ItemType">$LOCALIZE[111]</property>
          </item>
          <item id="5" description="Addons">
            <visible>Skin.HasSetting(AddonsShelf_Custom)</visible>
            <visible>!IsEmpty(Skin.String(ShelfAddons.5.Label))</visible>
            <label>$INFO[system.addontitle(Skin.String(ShelfAddons.5.Label))]</label>
            <thumb>$INFO[system.addonicon(Skin.String(ShelfAddons.5.Label))]</thumb>
            <onclick>RunAddon($INFO[Skin.String(ShelfAddons.5.Label)])</onclick>
            <property name="ItemType">$LOCALIZE[111]</property>
          </item>
          <item id="6" description="Fav">
            <visible>Skin.HasSetting(AddonsShelf_Custom)</visible>
            <visible>!IsEmpty(Skin.String(ShelfAddons.6.Path))</visible>
            <label>$INFO[Skin.String(ShelfAddons.6.Label)]</label>
            <thumb>$INFO[Skin.String(ShelfAddons.6.Icon)]</thumb>
            <onclick>$INFO[Skin.String(ShelfAddons.6.Path)]</onclick>
            <property name="ItemType">$LOCALIZE[111]</property>
          </item>
          <item id="7" description="Fav">
            <visible>Skin.HasSetting(AddonsShelf_Custom)</visible>
            <visible>!IsEmpty(Skin.String(ShelfAddons.7.Path))</visible>
            <label>$INFO[Skin.String(ShelfAddons.7.Label)]</label>
            <thumb>$INFO[Skin.String(ShelfAddons.7.Icon)]</thumb>
            <onclick>$INFO[Skin.String(ShelfAddons.7.Path)]</onclick>
            <property name="ItemType">$LOCALIZE[111]</property>
          </item>
          <item id="8" description="Fav">
            <visible>Skin.HasSetting(AddonsShelf_Custom)</visible>
            <visible>!IsEmpty(Skin.String(ShelfAddons.8.Path))</visible>
            <label>$INFO[Skin.String(ShelfAddons.8.Label)]</label>
            <thumb>$INFO[Skin.String(ShelfAddons.8.Icon)]</thumb>
            <onclick>$INFO[Skin.String(ShelfAddons.8.Path)]</onclick>
            <property name="ItemType">$LOCALIZE[111]</property>
          </item>
          <item id="9" description="Fav">
            <visible>Skin.HasSetting(AddonsShelf_Custom)</visible>
            <visible>!IsEmpty(Skin.String(ShelfAddons.9.Path))</visible>
            <label>$INFO[Skin.String(ShelfAddons.9.Label)]</label>
            <thumb>$INFO[Skin.String(ShelfAddons.9.Icon)]</thumb>
            <onclick>$INFO[Skin.String(ShelfAddons.9.Path)]</onclick>
            <property name="ItemType">$LOCALIZE[111]</property>
          </item>
          <item id="10" description="Fav">
            <visible>Skin.HasSetting(AddonsShelf_Custom)</visible>
            <visible>!IsEmpty(Skin.String(ShelfAddons.10.Path))</visible>
            <label>$INFO[Skin.String(ShelfAddons.10.Label)]</label>
            <thumb>$INFO[Skin.String(ShelfAddons.10.Icon)]</thumb>
            <onclick>$INFO[Skin.String(ShelfAddons.10.Path)]</onclick>
            <property name="ItemType">$LOCALIZE[111]</property>
          </item>
        </content>
      </control>
      <control type="image">
        <visible>Control.HasFocus(315)</visible>
        <posx>74</posx>
        <posy>86</posy>
        <width>350</width>
        <height>350</height>
        <texture border="28">img/Frame25.png</texture>
        <aspectratio>stretch</aspectratio>
        <animation condition="Container(315).Position(0)" effect="slide" start="0,0" end="0,0" time="220" easing="inout" reversible="true">Conditional</animation>
        <animation condition="Container(315).Position(1)" effect="slide" start="0,0" end="354,0" time="220" easing="inout" reversible="true">Conditional</animation>
        <animation condition="Container(315).Position(2)" effect="slide" start="0,0" end="708,0" time="220" easing="inout" reversible="true">Conditional</animation>
        <animation condition="Container(315).Position(3)" effect="slide" start="0,0" end="1062,0" time="220" easing="inout" reversible="true">Conditional</animation>
        <animation condition="Container(315).Position(4)" effect="slide" start="0,0" end="1416,0" time="220" easing="inout" reversible="true">Conditional</animation>
      </control>
    </control>
  </include>
</includes>
