<?xml version="1.0" encoding="UTF-8"?>
<window>
  <defaultcontrol always="false">3</defaultcontrol>
  
  <include>OpenClose</include>
  <controls>
    <include>MiniBackground</include>
    <control type="label" id="1" description="Header label">
      <include>HeadingR</include>
      <label>13406</label>
    </control>
    <control type="group" description="Group 3 Plain list">
      <control type="group">
        <posx>1020</posx>
        <posy>150</posy>
        <control type="group" description="Slider">
          <animation condition="Control.HasFocus(60)" effect="slide" start="0,0" end="960,519" time="300" reversible="true">Conditional</animation>
          <animation condition="Control.HasFocus(60)" effect="zoom" start="100" end="0" time="300" reversible="true">Conditional</animation>
          <control type="group">
            <visible>Container(3).HasFocus() + !Control.HasFocus(5)</visible>
            <include>Slider4</include>
          </control>
          <animation type="Conditional" condition="Control.HasFocus(9001) | ControlGroup(9000).HasFocus()">
            <effect type="fade" start="100" end="40" time="0" reversible="true" />
          </animation>
          <animation condition="Container(3).Position(0)" effect="slide" start="0,0" end="0,-405" time="140" reversible="true">Conditional</animation>
          <animation condition="Container(3).Position(1)" effect="slide" start="0,0" end="0,-324" time="140" reversible="true">Conditional</animation>
          <animation condition="Container(3).Position(2)" effect="slide" start="0,0" end="0,-243" time="140" reversible="true">Conditional</animation>
          <animation condition="Container(3).Position(3)" effect="slide" start="0,0" end="0,-162" time="140" reversible="true">Conditional</animation>
          <animation condition="Container(3).Position(4)" effect="slide" start="0,0" end="0,-81" time="140" reversible="true">Conditional</animation>
          <animation condition="Container(3).Position(5)" effect="slide" start="0,0" end="0,0" time="140" reversible="true">Conditional</animation>
          <animation condition="Container(3).Position(6)" effect="slide" start="0,0" end="0,81" time="140" reversible="true">Conditional</animation>
          <animation condition="Container(3).Position(7)" effect="slide" start="0,0" end="0,162" time="140" reversible="true">Conditional</animation>
          <animation condition="Container(3).Position(8)" effect="slide" start="0,0" end="0,243" time="140" reversible="true">Conditional</animation>
          <animation condition="Container(3).Position(9)" effect="slide" start="0,0" end="0,324" time="140" reversible="true">Conditional</animation>
          <animation condition="Container(3).Position(10)" effect="slide" start="0,0" end="0,405" time="140" reversible="true">Conditional</animation>
        </control>
        <control type="list" id="3">
          <posx>0</posx>
          <posy>0</posy>
          <width>802</width>
          <height>888</height>
          <onleft>5</onleft>
          <onright>60</onright>
          <onup>3</onup>
          <ondown>3</ondown>
          <pagecontrol>60</pagecontrol>
          <scrolltime tween="sine" easing="inout">280</scrolltime>
          <itemlayout width="802" height="81">
            <include>ArrowNF</include>
            <control type="label" description="Main Label">
              <visible>!ListItem.IsFolder</visible>
              <width>765</width>
              <textcolor>Grey</textcolor>
              <include>52MainLabel</include>
              <label>$INFO[ListItem.Label]</label>
            </control>
            <control type="label" description="Main Label">
              <visible>ListItem.IsFolder</visible>
              <textcolor>Grey</textcolor>
              <include>52MainLabel</include>
              <label>$INFO[ListItem.Label]</label>
            </control>
          </itemlayout>
          <focusedlayout width="802" height="81">
            <include>ArrowFO</include>
            <control type="label" description="Main Label">
              <visible>!ListItem.IsFolder</visible>
              <width>765</width>
              <include>52MainLabelFO</include>
              <label>$INFO[ListItem.Label]</label>
            </control>
            <control type="label" description="Main Label">
              <visible>ListItem.IsFolder</visible>
              <include>52MainLabelFO</include>
              <label>$INFO[ListItem.Label]</label>
            </control>
          </focusedlayout>
        </control>
      </control>
      <control type="image">
        <animation effect="fade" time="200">VisibleChange</animation>
        <visible>Container(3).HasNext</visible>
        <posx>1005</posx>
        <posy>963</posy>
        <height>81</height>
        <width>832</width>
        <texture>img/DefaultGradient.png</texture>
        <aspectratio>stretch</aspectratio>
      </control>
    </control>
    <control type="group" description="Group 6 Thumbs">
      <control type="group" description="Slider and List">
        <posx>1020</posx>
        <posy>141</posy>
        <control type="list" id="6">
          <posx>0</posx>
          <posy>0</posy>
          <width>802</width>
          <height>886</height>
          <onleft>5</onleft>
          <onright>60</onright>
          <onup>6</onup>
          <ondown>6</ondown>
          <pagecontrol>60</pagecontrol>
          <focusposition>3</focusposition>
          <movement>3</movement>
          <scrolltime tween="sine" easing="inout">280</scrolltime>
          <itemlayout width="802" height="111">
            <include>ListBG</include>
            <control type="image">
              <posx>0</posx>
              <posy>0</posy>
              <height>111</height>
              <width>111</width>
              <bordersize>6</bordersize>
              <texture>$INFO[ListItem.Icon]</texture>
              <aspectratio>keep</aspectratio>
            </control>
            <control type="image">
              <posx>0</posx>
              <posy>0</posy>
              <height>111</height>
              <width>111</width>
              <bordersize>6</bordersize>
              <texture border="3">img/CoverOverlay0.png</texture>
            </control>
            <control type="label" description="Main Label">
              <include>51MainLabel</include>
              <label>$INFO[ListItem.Label]</label>
            </control>
            <control type="label" description="Label2">
              <include>51Label2</include>
              <label>$INFO[ListItem.Label2]</label>
            </control>
            <control type="image">
              <visible>ListItem.IsSelected</visible>
              <posx>735</posx>
              <posy>0</posy>
              <height>111</height>
              <width>48</width>
              <bordersize>6</bordersize>
              <texture>img/RadioON.png</texture>
              <aspectratio>keep</aspectratio>
            </control>
          </itemlayout>
          <focusedlayout width="802" height="111">
            <include>ListBG</include>
            <control type="image">
              <posx>0</posx>
              <posy>0</posy>
              <height>111</height>
              <width>111</width>
              <bordersize>6</bordersize>
              <texture>$INFO[ListItem.Icon]</texture>
              <aspectratio>keep</aspectratio>
            </control>
            <control type="image">
              <posx>0</posx>
              <posy>0</posy>
              <height>111</height>
              <width>111</width>
              <bordersize>6</bordersize>
              <texture border="3">img/CoverOverlay0.png</texture>
            </control>
            <control type="label" description="Main Label">
              <include>51MainLabelFO</include>
              <label>$INFO[ListItem.Label]</label>
            </control>
            <control type="label" description="Label2">
              <include>51Label2FO</include>
              <label>$INFO[ListItem.Label2]</label>
            </control>
            <control type="image">
              <visible>ListItem.IsSelected</visible>
              <posx>735</posx>
              <posy>0</posy>
              <height>111</height>
              <width>48</width>
              <bordersize>6</bordersize>
              <texture>img/RadioON.png</texture>
              <aspectratio>keep</aspectratio>
            </control>
          </focusedlayout>
        </control>
        <control type="group" description="Slider">
          <animation condition="Control.HasFocus(60)" effect="slide" start="0,0" end="960,540" time="300" reversible="true">Conditional</animation>
          <animation condition="Control.HasFocus(60)" effect="zoom" start="100" end="0" time="300" reversible="true">Conditional</animation>
          <control type="group">
            <visible>Container(6).HasFocus() + !Control.HasFocus(5)</visible>
            <include>Slider5</include>
          </control>
          <animation type="Conditional" condition="Control.HasFocus(9001) | ControlGroup(9000).HasFocus()">
            <effect type="fade" start="100" end="40" time="0" reversible="true" />
          </animation>
          <animation condition="Container(6).Position(0)" effect="slide" start="0,0" end="0,-333" time="180" easing="inout" reversible="true">Conditional</animation>
          <animation condition="Container(6).Position(1)" effect="slide" start="0,0" end="0,-222" time="180" easing="inout" reversible="true">Conditional</animation>
          <animation condition="Container(6).Position(2)" effect="slide" start="0,0" end="0,-111" time="180" easing="inout" reversible="true">Conditional</animation>
          <animation condition="Container(6).Position(3)" effect="slide" start="0,0" end="0,0" time="180" easing="inout" reversible="true">Conditional</animation>
          <animation condition="Container(6).Position(4)" effect="slide" start="0,0" end="0,111" time="180" easing="inout" reversible="true">Conditional</animation>
          <animation condition="Container(6).Position(5)" effect="slide" start="0,0" end="0,222" time="180" easing="inout" reversible="true">Conditional</animation>
          <animation condition="Container(6).Position(6)" effect="slide" start="0,0" end="0,333" time="180" easing="inout" reversible="true">Conditional</animation>
          <animation condition="Container(6).Position(7)" effect="slide" start="0,0" end="0,444" time="180" easing="inout" reversible="true">Conditional</animation>
          <animation condition="Container(6).Position(8)" effect="slide" start="0,0" end="0,555" time="180" easing="inout" reversible="true">Conditional</animation>
        </control>
      </control>
      <control type="image">
        <animation effect="fade" time="200">VisibleChange</animation>
        <visible>Container(6).HasNext</visible>
        <posx>1005</posx>
        <posy>963</posy>
        <height>81</height>
        <width>832</width>
        <texture>img/DefaultGradient.png</texture>
        <aspectratio>stretch</aspectratio>
      </control>
    </control>
    <control type="group" description="Thumbs">
      <posx>270</posx>
      <posy>315</posy>
      <control type="image" description="Item Thumb">
        <width>450</width>
        <height>450</height>
        <fadetime>200</fadetime>
        <texture>$INFO[Container(6).ListItem.Icon]</texture>
        <aspectratio>keep</aspectratio>
        <bordertexture border="4">img/CoverOverlay0.png</bordertexture>
        <bordersize>2</bordersize>
      </control>
    </control>
    <control type="group" description="Button 5">
      <control type="image" description="Fake button for control 5">
        <visible>Control.HasFocus(5)</visible>
        <animation effect="fade" time="100">VisibleChange</animation>
        <posx>150</posx>
        <posy>117</posy>
        <width>675</width>
        <height>148</height>
        <texture border="35">img/Slider4.png</texture>
        <aspectratio>stretch</aspectratio>
      </control>
      <control type="button" id="5" description="Manual Get more common button">
        <posx>188</posx>
        <posy>150</posy>
        <width>600</width>
        <height>81</height>
        <texturenofocus border="8">img/ButtonNF.png</texturenofocus>
        <texturefocus>-</texturefocus>
        <font>size24</font>
        <label>-</label>
        <onleft>3</onleft>
        <onright>3</onright>
        <onup>3</onup>
        <ondown>3</ondown>
      </control>
      <control type="image" description="Fake button for control 5">
        <visible>Control.IsVisible(5)</visible>
        <animation effect="fade" time="100">VisibleChange</animation>
        <posx>210</posx>
        <posy>150</posy>
        <width>48</width>
        <height>81</height>
        <texture>img/SearchNF.png</texture>
        <aspectratio>keep</aspectratio>
      </control>
      <control type="image" description="Fake button for control 5">
        <visible>Control.HasFocus(5)</visible>
        <animation effect="fade" time="100">VisibleChange</animation>
        <posx>210</posx>
        <posy>150</posy>
        <width>48</width>
        <height>81</height>
        <texture>img/SearchFO.png</texture>
        <aspectratio>keep</aspectratio>
      </control>
    </control>
    <control type="scrollbar" id="60">
      <posx>36r</posx>
      <posy>258</posy>
      <height>771</height>
      <onleft>3</onleft>
      <onright>noop</onright>
    </control>
  </controls>
</window>
