<?xml version="1.0" encoding="utf-8"?>
<window>
  <defaultcontrol always="true">5</defaultcontrol>
  <controls>
    <control type="group" description="Right panel">
      <posx>510</posx>
      <posy>120</posy>
      <control type="image" description="List back">
        <posx>-150</posx>
        <posy>-140</posy>
        <width>1252</width>
        <height>1062</height>
        <aspectratio>stretch</aspectratio>
        <texture border="136,127,128,139">img/Dialog.png</texture>
      </control>
      <control type="label" id="2" description="Heading">
        <posx>-510</posx>
        <posy>0</posy>
        <width>1920</width>
        <font>size26B</font>
        <align>center</align>
      </control>
      <control type="grouplist" id="5">
        <description>control area</description>
        <posx>8</posx>
        <posy>100</posy>
        <width>930</width>
        <height>550</height>
        <itemgap>3</itemgap>
        <pagecontrol>6</pagecontrol>
        <onup>1800</onup>
        <ondown>1800</ondown>
        <onleft>28</onleft>
        <onright>6</onright>
      </control>
      <control type="scrollbar" id="6">
        <posx>455r</posx>
        <posy>100</posy>
        <height>550</height>
        <onleft>5</onleft>
        <onright>noop</onright>
      </control>
      <control type="button" id="7">
        <description>Default Button</description>
        <posx>0</posx>
        <posy>0</posy>
        <font>size22</font>
        <align>left</align>
      </control>
      <control type="radiobutton" id="8">
        <description>Default RadioButton</description>
        <posx>0</posx>
        <posy>0</posy>
        <font>size22</font>
        <texturenofocus border="5">button-nofocus.png</texturenofocus>
        <texturefocus border="5">button-focus2.png</texturefocus>
      </control>
      <control type="spincontrolex" id="9">
        <description>Default SpinControlex</description>
        <posx>0</posx>
        <posy>0</posy>
        <font>size22</font>
        <texturenofocus>-</texturenofocus>
        <alttexturenofocus>-</alttexturenofocus>
        <texturefocus border="5">img/ButtonFO.png</texturefocus>
        <alttexturefocus border="5">img/ButtonFO.png</alttexturefocus>
        <aligny>center</aligny>
        <reverse>yes</reverse>
      </control>
      <control type="sliderex" id="10">
        <description>Default Slider</description>
        <posx>0</posx>
        <posy>0</posy>
        <font>size22</font>
        <texturenofocus>-</texturenofocus>
        <alttexturenofocus>-</alttexturenofocus>
        <texturefocus border="5">img/ButtonFO.png</texturefocus>
        <alttexturefocus border="5">img/ButtonFO.png</alttexturefocus>
        <aligny>center</aligny>
      </control>
      <control type="edit" id="12">
        <description>Default Edit</description>
        <posx>0</posx>
        <posy>0</posy>
        <font>size22</font>
        <texturenofocus>-</texturenofocus>
        <alttexturenofocus>-</alttexturenofocus>
        <texturefocus border="5">img/ButtonFO.png</texturefocus>
        <alttexturefocus border="5">img/ButtonFO.png</alttexturefocus>
      </control>
      <control type="grouplist" id="1800">
        <posy>690</posy>
        <width>930</width>
        <onup>5</onup>
        <ondown>9001</ondown>
        <align>center</align>
        <itemgap>75</itemgap>
        <orientation>horizontal</orientation>
        <control type="button" id="28" description="OK">
          <width>300</width>
          <label>186</label>
          <texturenofocus border="3">img/ButtonNF.png</texturenofocus>
          <onup>5</onup>
          <onleft>27</onleft>
          <onright>27</onright>
          <ondown>5</ondown>
        </control>
        <control type="button" id="27" description="Clear">
          <width>300</width>
          <label>222</label>
          <texturenofocus border="3">img/ButtonNF.png</texturenofocus>
          <onup>5</onup>
          <onleft>28</onleft>
          <onright>28</onright>
          <ondown>5</ondown>
        </control>
      </control>
    </control>
  </controls>
</window>
