<?xml version="1.0" encoding="UTF-8"?>
<window>
  <defaultcontrol always="true">11</defaultcontrol>
  <coordinates>
    <system>1</system>
    <posx>810</posx>
    <posy>15</posy>
  </coordinates>
  <controls>
    <control type="group">
      <include>DialogOpenClose</include>
      <control type="image">
        <posx>50</posx>
        <posy>30</posy>
        <width>1122</width>
        <height>930</height>
        <aspectratio>stretch</aspectratio>
        <texture border="136,127,128,139">img/Dialog.png</texture>
      </control>
      <control type="label" description="Header">
        <posx>240</posx>
        <posy>168</posy>
        <width>720</width>
        <height>45</height>
        <font>size20</font>
        <textcolor>White</textcolor>
        <label>[B]$INFO[VideoPlayer.ChannelName][/B] - $INFO[Container(11).ListItem.StartDate]</label>
        <align>center</align>
        <aligny>center</aligny>
      </control>
      <control type="list" id="11">
        <posx>240</posx>
        <posy>240</posy>
        <width>720</width>
        <height>525</height>
        <onleft>close</onleft>
        <onright>60</onright>
        <onup>11</onup>
        <ondown>11</ondown>
        <pagecontrol>60</pagecontrol>
        <scrolltime>200</scrolltime>
        <itemlayout height="75" width="720">
          <control type="label">
            <posx>129</posx>
            <posy>0</posy>
            <width>120</width>
            <height>75</height>
            <font>size18</font>
            <textcolor>Grey</textcolor>
            <selectedcolor>selected</selectedcolor>
            <align>right</align>
            <aligny>center</aligny>
            <label>$INFO[ListItem.StartTime]</label>
          </control>
          <control type="image">
            <posx>144</posx>
            <posy>0</posy>
            <width>30</width>
            <height>75</height>
            <texture>OverlayRecording.png</texture>
            <aspectratio>keep</aspectratio>
            <visible>ListItem.IsRecording</visible>
          </control>
          <control type="image">
            <posx>150</posx>
            <posy>0</posy>
            <width>21</width>
            <height>75</height>
            <texture>OverlayTimer.png</texture>
            <aspectratio>keep</aspectratio>
            <visible>ListItem.HasTimer + !ListItem.IsRecording</visible>
          </control>
          <control type="label">
            <posx>180</posx>
            <posy>0</posy>
            <width>495</width>
            <height>75</height>
            <font>size22</font>
            <include>51MainLabel</include>
            <label>$INFO[ListItem.Label]</label>
          </control>
        </itemlayout>
        <focusedlayout height="75" width="720">
          <control type="image">
            <posx>0</posx>
            <posy>0</posy>
            <width>720</width>
            <height>75</height>
            <texture border="5">img/ButtonFO.png</texture>
          </control>
          <control type="image">
            <posx>144</posx>
            <posy>0</posy>
            <width>30</width>
            <height>75</height>
            <texture>OverlayRecording.png</texture>
            <aspectratio>keep</aspectratio>
            <visible>ListItem.IsRecording</visible>
          </control>
          <control type="image">
            <posx>150</posx>
            <posy>0</posy>
            <width>21</width>
            <height>75</height>
            <texture>OverlayTimer.png</texture>
            <aspectratio>keep</aspectratio>
            <visible>ListItem.HasTimer + !ListItem.IsRecording</visible>
          </control>
          <control type="label">
            <posx>129</posx>
            <posy>0</posy>
            <width>120</width>
            <height>75</height>
            <font>size18</font>
            <textcolor>White</textcolor>
            <selectedcolor>selected</selectedcolor>
            <align>right</align>
            <aligny>center</aligny>
            <label>$INFO[ListItem.StartTime]</label>
          </control>
          <control type="label">
            <posx>180</posx>
            <posy>0</posy>
            <width>495</width>
            <height>75</height>
            <font>size22</font>
            <include>51MainLabelFO</include>
            <label>$INFO[ListItem.Label]</label>
          </control>
        </focusedlayout>
      </control>
      <control type="scrollbar" id="60">
        <posx>996</posx>
        <posy>240</posy>
        <width>9</width>
        <height>525</height>
        <onleft>11</onleft>
        <onright>close</onright>
        <ondown>60</ondown>
        <onup>60</onup>
        <showonepage>false</showonepage>
        <orientation>vertical</orientation>
      </control>
    </control>
  </controls>
</window>
