<?xml version="1.0" encoding="UTF-8"?>
<window>
  <defaultcontrol always="true">996</defaultcontrol>

  <include>OpenClose</include>
  <coordinates>
    <system>1</system>
  </coordinates>
  <controls>
    <control type="image" id="999" description="Background image">
      <posx>0</posx>
      <posy>0</posy>
      <height>1080</height>
      <width>555</width>
      <texture border="60,60,60,60">img/ContextMenu.png</texture>
    </control>
    <control type="grouplist" id="996" description="Context menu container">
      <posx>37</posx>
      <posy>60</posy>
      <width>480</width>
      <height max="960">auto</height>
      <itemgap>3</itemgap>
      <control type="button" id="1000" description="Buttons">
        <posx>-</posx>
        <posy>-</posy>
        <width>480</width>
        <height>60</height>
        <shadowcolor>BlackT</shadowcolor>
        <focusedcolor>White2</focusedcolor>
        <texturefocus border="5">img/ContextButtonFO.png</texturefocus>
        <texturenofocus>-</texturenofocus>
      </control>
    </control>
  </controls>
</window>
