<?xml version="1.0" encoding="UTF-8"?>
<includes>
  <include name="Movies_RA_Items">
    <content target="video">videodb://recentlyaddedmovies/</content>
  </include>
  <include name="Movies_Custom_Items">
    <content>
      <item id="1" description="Addons">
        <visible>Skin.HasSetting(MoviesShelf_Custom)</visible>
        <visible>!IsEmpty(Skin.String(ShelfMovies.1.Label))</visible>
        <label>$INFO[system.addontitle(Skin.String(ShelfMovies.1.Label))]</label>
        <thumb>$INFO[system.addonicon(Skin.String(ShelfMovies.1.Label))]</thumb>
        <onclick>RunAddon($INFO[Skin.String(ShelfMovies.1.Label)])</onclick>
        <property name="ItemType">$LOCALIZE[111]</property>
      </item>
      <item id="2" description="Addons">
        <visible>Skin.HasSetting(MoviesShelf_Custom)</visible>
        <visible>!IsEmpty(Skin.String(ShelfMovies.2.Label))</visible>
        <label>$INFO[system.addontitle(Skin.String(ShelfMovies.2.Label))]</label>
        <thumb>$INFO[system.addonicon(Skin.String(ShelfMovies.2.Label))]</thumb>
        <onclick>RunAddon($INFO[Skin.String(ShelfMovies.2.Label)])</onclick>
        <property name="ItemType">$LOCALIZE[111]</property>
      </item>
      <item id="3" description="Addons">
        <visible>Skin.HasSetting(MoviesShelf_Custom)</visible>
        <visible>!IsEmpty(Skin.String(ShelfMovies.3.Label))</visible>
        <label>$INFO[system.addontitle(Skin.String(ShelfMovies.3.Label))]</label>
        <thumb>$INFO[system.addonicon(Skin.String(ShelfMovies.3.Label))]</thumb>
        <onclick>RunAddon($INFO[Skin.String(ShelfMovies.3.Label)])</onclick>
        <property name="ItemType">$LOCALIZE[111]</property>
      </item>
      <item id="4" description="Addons">
        <visible>Skin.HasSetting(MoviesShelf_Custom)</visible>
        <visible>!IsEmpty(Skin.String(ShelfMovies.4.Label))</visible>
        <label>$INFO[system.addontitle(Skin.String(ShelfMovies.4.Label))]</label>
        <thumb>$INFO[system.addonicon(Skin.String(ShelfMovies.4.Label))]</thumb>
        <onclick>RunAddon($INFO[Skin.String(ShelfMovies.4.Label)])</onclick>
        <property name="ItemType">$LOCALIZE[111]</property>
      </item>
      <item id="5" description="Addons">
        <visible>Skin.HasSetting(MoviesShelf_Custom)</visible>
        <visible>!IsEmpty(Skin.String(ShelfMovies.5.Label))</visible>
        <label>$INFO[system.addontitle(Skin.String(ShelfMovies.5.Label))]</label>
        <thumb>$INFO[system.addonicon(Skin.String(ShelfMovies.5.Label))]</thumb>
        <onclick>RunAddon($INFO[Skin.String(ShelfMovies.5.Label)])</onclick>
        <property name="ItemType">$LOCALIZE[111]</property>
      </item>
      <item id="6" description="Fav">
        <visible>Skin.HasSetting(MoviesShelf_Custom)</visible>
        <visible>!IsEmpty(Skin.String(ShelfMovies.6.Label))</visible>
        <label>$INFO[Skin.String(ShelfMovies.6.Label)]</label>
        <thumb>$INFO[Skin.String(ShelfMovies.6.Icon)]</thumb>
        <onclick>$INFO[Skin.String(ShelfMovies.6.Path)]</onclick>
        <property name="ItemType">$LOCALIZE[111]</property>
      </item>
      <item id="7" description="Fav">
        <visible>Skin.HasSetting(MoviesShelf_Custom)</visible>
        <visible>!IsEmpty(Skin.String(ShelfMovies.7.Label))</visible>
        <label>$INFO[Skin.String(ShelfMovies.7.Label)]</label>
        <thumb>$INFO[Skin.String(ShelfMovies.7.Icon)]</thumb>
        <onclick>$INFO[Skin.String(ShelfMovies.7.Path)]</onclick>
        <property name="ItemType">$LOCALIZE[111]</property>
      </item>
      <item id="8" description="Fav">
        <visible>Skin.HasSetting(MoviesShelf_Custom)</visible>
        <visible>!IsEmpty(Skin.String(ShelfMovies.8.Label))</visible>
        <label>$INFO[Skin.String(ShelfMovies.8.Label)]</label>
        <thumb>$INFO[Skin.String(ShelfMovies.8.Icon)]</thumb>
        <onclick>$INFO[Skin.String(ShelfMovies.8.Path)]</onclick>
        <property name="ItemType">$LOCALIZE[111]</property>
      </item>
      <item id="9" description="Fav">
        <visible>Skin.HasSetting(MoviesShelf_Custom)</visible>
        <visible>!IsEmpty(Skin.String(ShelfMovies.9.Label))</visible>
        <label>$INFO[Skin.String(ShelfMovies.9.Label)]</label>
        <thumb>$INFO[Skin.String(ShelfMovies.9.Icon)]</thumb>
        <onclick>$INFO[Skin.String(ShelfMovies.9.Path)]</onclick>
        <property name="ItemType">$LOCALIZE[111]</property>
      </item>
      <item id="10" description="Fav">
        <visible>Skin.HasSetting(MoviesShelf_Custom)</visible>
        <visible>!IsEmpty(Skin.String(ShelfMovies.10.Label))</visible>
        <label>$INFO[Skin.String(ShelfMovies.10.Label)]</label>
        <thumb>$INFO[Skin.String(ShelfMovies.10.Icon)]</thumb>
        <onclick>$INFO[Skin.String(ShelfMovies.10.Path)]</onclick>
        <property name="ItemType">$LOCALIZE[111]</property>
      </item>
    </content>
  </include>
  <include name="TV_RA_Items">
    <content target="video">videodb://recentlyaddedepisodes/</content>
  </include>
  <include name="TV_Custom_Items">
    <content>
      <item id="1" description="Addons">
        <visible>Skin.HasSetting(TVShelf_Custom)</visible>
        <visible>!IsEmpty(Skin.String(ShelfTV.1.Label))</visible>
        <label>$INFO[system.addontitle(Skin.String(ShelfTV.1.Label))]</label>
        <thumb>$INFO[system.addonicon(Skin.String(ShelfTV.1.Label))]</thumb>
        <onclick>RunAddon($INFO[Skin.String(ShelfTV.1.Label)])</onclick>
        <property name="ItemType">$LOCALIZE[111]</property>
      </item>
      <item id="2" description="Addons">
        <visible>Skin.HasSetting(TVShelf_Custom)</visible>
        <visible>!IsEmpty(Skin.String(ShelfTV.2.Label))</visible>
        <label>$INFO[system.addontitle(Skin.String(ShelfTV.2.Label))]</label>
        <thumb>$INFO[system.addonicon(Skin.String(ShelfTV.2.Label))]</thumb>
        <onclick>RunAddon($INFO[Skin.String(ShelfTV.2.Label)])</onclick>
        <property name="ItemType">$LOCALIZE[111]</property>
      </item>
      <item id="3" description="Addons">
        <visible>Skin.HasSetting(TVShelf_Custom)</visible>
        <visible>!IsEmpty(Skin.String(ShelfTV.3.Label))</visible>
        <label>$INFO[system.addontitle(Skin.String(ShelfTV.3.Label))]</label>
        <thumb>$INFO[system.addonicon(Skin.String(ShelfTV.3.Label))]</thumb>
        <onclick>RunAddon($INFO[Skin.String(ShelfTV.3.Label)])</onclick>
        <property name="ItemType">$LOCALIZE[111]</property>
      </item>
      <item id="4" description="Addons">
        <visible>Skin.HasSetting(TVShelf_Custom)</visible>
        <visible>!IsEmpty(Skin.String(ShelfTV.4.Label))</visible>
        <label>$INFO[system.addontitle(Skin.String(ShelfTV.4.Label))]</label>
        <thumb>$INFO[system.addonicon(Skin.String(ShelfTV.4.Label))]</thumb>
        <onclick>RunAddon($INFO[Skin.String(ShelfTV.4.Label)])</onclick>
        <property name="ItemType">$LOCALIZE[111]</property>
      </item>
      <item id="5" description="Addons">
        <visible>Skin.HasSetting(TVShelf_Custom)</visible>
        <visible>!IsEmpty(Skin.String(ShelfTV.5.Label))</visible>
        <label>$INFO[system.addontitle(Skin.String(ShelfTV.5.Label))]</label>
        <thumb>$INFO[system.addonicon(Skin.String(ShelfTV.5.Label))]</thumb>
        <onclick>RunAddon($INFO[Skin.String(ShelfTV.5.Label)])</onclick>
        <property name="ItemType">$LOCALIZE[111]</property>
      </item>
      <item id="6" description="Fav">
        <visible>Skin.HasSetting(TVShelf_Custom)</visible>
        <visible>!IsEmpty(Skin.String(ShelfTV.6.Path))</visible>
        <label>$INFO[Skin.String(ShelfTV.6.Label)]</label>
        <thumb>$INFO[Skin.String(ShelfTV.6.Icon)]</thumb>
        <onclick>$INFO[Skin.String(ShelfTV.6.Path)]</onclick>
        <property name="ItemType">$LOCALIZE[111]</property>
      </item>
      <item id="7" description="Fav">
        <visible>Skin.HasSetting(TVShelf_Custom)</visible>
        <visible>!IsEmpty(Skin.String(ShelfTV.7.Path))</visible>
        <label>$INFO[Skin.String(ShelfTV.7.Label)]</label>
        <thumb>$INFO[Skin.String(ShelfTV.7.Icon)]</thumb>
        <onclick>$INFO[Skin.String(ShelfTV.7.Path)]</onclick>
        <property name="ItemType">$LOCALIZE[111]</property>
      </item>
      <item id="8" description="Fav">
        <visible>Skin.HasSetting(TVShelf_Custom)</visible>
        <visible>!IsEmpty(Skin.String(ShelfTV.8.Path))</visible>
        <label>$INFO[Skin.String(ShelfTV.8.Label)]</label>
        <thumb>$INFO[Skin.String(ShelfTV.8.Icon)]</thumb>
        <onclick>$INFO[Skin.String(ShelfTV.8.Path)]</onclick>
        <property name="ItemType">$LOCALIZE[111]</property>
      </item>
      <item id="9" description="Fav">
        <visible>Skin.HasSetting(TVShelf_Custom)</visible>
        <visible>!IsEmpty(Skin.String(ShelfTV.9.Path))</visible>
        <label>$INFO[Skin.String(ShelfTV.9.Label)]</label>
        <thumb>$INFO[Skin.String(ShelfTV.9.Icon)]</thumb>
        <onclick>$INFO[Skin.String(ShelfTV.9.Path)]</onclick>
        <property name="ItemType">$LOCALIZE[111]</property>
      </item>
      <item id="10" description="Fav">
        <visible>Skin.HasSetting(TVShelf_Custom)</visible>
        <visible>!IsEmpty(Skin.String(ShelfTV.10.Path))</visible>
        <label>$INFO[Skin.String(ShelfTV.10.Label)]</label>
        <thumb>$INFO[Skin.String(ShelfTV.10.Icon)]</thumb>
        <onclick>$INFO[Skin.String(ShelfTV.10.Path)]</onclick>
        <property name="ItemType">$LOCALIZE[111]</property>
      </item>
    </content>
  </include>
  <include name="Music_RA_Items">
    <content target="music">musicdb://recentlyaddedalbums/</content>
  </include>
  <include name="Music_Custom_Items">
    <content>
      <item id="1" description="Addons">
        <visible>Skin.HasSetting(MusicShelf_Custom)</visible>
        <visible>!IsEmpty(Skin.String(ShelfMusic.1.Label))</visible>
        <label>$INFO[system.addontitle(Skin.String(ShelfMusic.1.Label))]</label>
        <thumb>$INFO[system.addonicon(Skin.String(ShelfMusic.1.Label))]</thumb>
        <onclick>RunAddon($INFO[Skin.String(ShelfMusic.1.Label)])</onclick>
        <property name="ItemType">$LOCALIZE[111]</property>
      </item>
      <item id="2" description="Addons">
        <visible>Skin.HasSetting(MusicShelf_Custom)</visible>
        <visible>!IsEmpty(Skin.String(ShelfMusic.2.Label))</visible>
        <label>$INFO[system.addontitle(Skin.String(ShelfMusic.2.Label))]</label>
        <thumb>$INFO[system.addonicon(Skin.String(ShelfMusic.2.Label))]</thumb>
        <onclick>RunAddon($INFO[Skin.String(ShelfMusic.2.Label)])</onclick>
        <property name="ItemType">$LOCALIZE[111]</property>
      </item>
      <item id="3" description="Addons">
        <visible>Skin.HasSetting(MusicShelf_Custom)</visible>
        <visible>!IsEmpty(Skin.String(ShelfMusic.3.Label))</visible>
        <label>$INFO[system.addontitle(Skin.String(ShelfMusic.3.Label))]</label>
        <thumb>$INFO[system.addonicon(Skin.String(ShelfMusic.3.Label))]</thumb>
        <onclick>RunAddon($INFO[Skin.String(ShelfMusic.3.Label)])</onclick>
        <property name="ItemType">$LOCALIZE[111]</property>
      </item>
      <item id="4" description="Addons">
        <visible>Skin.HasSetting(MusicShelf_Custom)</visible>
        <visible>!IsEmpty(Skin.String(ShelfMusic.4.Label))</visible>
        <label>$INFO[system.addontitle(Skin.String(ShelfMusic.4.Label))]</label>
        <thumb>$INFO[system.addonicon(Skin.String(ShelfMusic.4.Label))]</thumb>
        <onclick>RunAddon($INFO[Skin.String(ShelfMusic.4.Label)])</onclick>
        <property name="ItemType">$LOCALIZE[111]</property>
      </item>
      <item id="5" description="Addons">
        <visible>Skin.HasSetting(MusicShelf_Custom)</visible>
        <visible>!IsEmpty(Skin.String(ShelfMusic.5.Label))</visible>
        <label>$INFO[system.addontitle(Skin.String(ShelfMusic.5.Label))]</label>
        <thumb>$INFO[system.addonicon(Skin.String(ShelfMusic.5.Label))]</thumb>
        <onclick>RunAddon($INFO[Skin.String(ShelfMusic.5.Label)])</onclick>
        <property name="ItemType">$LOCALIZE[111]</property>
      </item>
      <item id="6" description="Fav">
        <visible>Skin.HasSetting(MusicShelf_Custom)</visible>
        <visible>!IsEmpty(Skin.String(ShelfMusic.6.Path))</visible>
        <label>$INFO[Skin.String(ShelfMusic.6.Label)]</label>
        <thumb>$INFO[Skin.String(ShelfMusic.6.Icon)]</thumb>
        <onclick>$INFO[Skin.String(ShelfMusic.6.Path)]</onclick>
        <property name="ItemType">$LOCALIZE[111]</property>
      </item>
      <item id="7" description="Fav">
        <visible>Skin.HasSetting(MusicShelf_Custom)</visible>
        <visible>!IsEmpty(Skin.String(ShelfMusic.7.Path))</visible>
        <label>$INFO[Skin.String(ShelfMusic.7.Label)]</label>
        <thumb>$INFO[Skin.String(ShelfMusic.7.Icon)]</thumb>
        <onclick>$INFO[Skin.String(ShelfMusic.7.Path)]</onclick>
        <property name="ItemType">$LOCALIZE[111]</property>
      </item>
      <item id="8" description="Fav">
        <visible>Skin.HasSetting(MusicShelf_Custom)</visible>
        <visible>!IsEmpty(Skin.String(ShelfMusic.8.Path))</visible>
        <label>$INFO[Skin.String(ShelfMusic.8.Label)]</label>
        <thumb>$INFO[Skin.String(ShelfMusic.8.Icon)]</thumb>
        <onclick>$INFO[Skin.String(ShelfMusic.8.Path)]</onclick>
        <property name="ItemType">$LOCALIZE[111]</property>
      </item>
      <item id="9" description="Fav">
        <visible>Skin.HasSetting(MusicShelf_Custom)</visible>
        <visible>!IsEmpty(Skin.String(ShelfMusic.9.Path))</visible>
        <label>$INFO[Skin.String(ShelfMusic.9.Label)]</label>
        <thumb>$INFO[Skin.String(ShelfMusic.9.Icon)]</thumb>
        <onclick>$INFO[Skin.String(ShelfMusic.9.Path)]</onclick>
        <property name="ItemType">$LOCALIZE[111]</property>
      </item>
      <item id="10" description="Fav">
        <visible>Skin.HasSetting(MusicShelf_Custom)</visible>
        <visible>!IsEmpty(Skin.String(ShelfMusic.10.Path))</visible>
        <label>$INFO[Skin.String(ShelfMusic.10.Label)]</label>
        <thumb>$INFO[Skin.String(ShelfMusic.10.Icon)]</thumb>
        <onclick>$INFO[Skin.String(ShelfMusic.10.Path)]</onclick>
        <property name="ItemType">$LOCALIZE[111]</property>
      </item>
    </content>
  </include>
</includes>
