<?xml version="1.0" encoding="UTF-8"?>
<window>
  <defaultcontrol always="true">50</defaultcontrol>

  <views>50,51,52,54,501,53,502,55,56,57,58,59,500,510</views>
  <onload condition="System.HasAddon(script.tvtunes)">XBMC.RunScript(script.tvtunes,backend=True&amp;loop=False)</onload>
  <controls>
    <include>View_Videos</include>
    <include>View_Banners</include>
    <control type="group" description="Side menu 9000 group">
      <visible allowhiddenfocus="true">ControlGroup(9000).HasFocus()</visible>
      <include>DialogOpenCloseVisible</include>
      <control type="image" description="List back">
        <posx>459</posx>
        <posy>168</posy>
        <width>1002</width>
        <height>762</height>
        <aspectratio>stretch</aspectratio>
        <texture border="136,127,128,139">img/Dialog.png</texture>
      </control>
      <control type="grouplist" id="9000">
        <include>9000GrouplistParameters</include>
        <control type="button" id="2" description="Views">
          <texturenofocus>-</texturenofocus>
          <include>9000Buttons</include>
        </control>
        <control type="togglebutton" id="14" description="Toggle Watched">
          <include>9000Buttons</include>
          <label>$LOCALIZE[535]: $LOCALIZE[16100]</label>
          <altlabel>$LOCALIZE[535]: $LOCALIZE[16101]</altlabel>
        </control>
        <control type="button" id="3" description="Sort">
          <include>9000Buttons</include>
        </control>
        <control type="togglebutton" id="4" description="Ordering">
          <include>9000Buttons</include>
          <label>$LOCALIZE[21429]: $LOCALIZE[21430]</label>
          <altlabel>$LOCALIZE[21429]: $LOCALIZE[21431]</altlabel>
        </control>
        <control type="radiobutton" id="694" description="Media Filter">
          <visible>Container.CanFilterAdvanced + Skin.HasSetting(AdvanceFilter)</visible>
          <include>9000Buttons</include>
          <label>$LOCALIZE[587]</label>
          <selected>Container.Filtered</selected>
          <onclick>right</onclick>
          <onclick>Filter</onclick>
        </control>
        <control type="button" id="695" description="InProgressReset">
          <visible>[Container.Content(Episodes) | Container.Content(Movies) ] + system.hasaddon(script.module.inprogressreset) + !SubString(ListItem.PercentPlayed,0,left)</visible>
          <include>9000Buttons</include>
          <label>31210</label>
          <onclick>Dialog.Close(all,true)</onclick>
          <onclick>RunScript(script.module.inprogressreset,DBID=$INFO[ListItem.DBID])</onclick>
        </control>
        <control type="button" id="696" description="Artwork Downloader">
          <visible>System.HasAddon(script.artwork.downloader)</visible>
          <visible>Container.Content(tvshows) | Container.Content(movies) | Container.Content(musicvideos)</visible>
          <include>9000Buttons</include>
          <label>$LOCALIZE[33003] $ADDON[script.artwork.downloader 32133]</label>
          <onclick condition="Container.Content(tvshows)">RunScript(script.artwork.downloader,mediatype=tvshow,dbid=$INFO[ListItem.DBID])</onclick>
          <onclick condition="Container.Content(movies)">RunScript(script.artwork.downloader,mediatype=movie,dbid=$INFO[ListItem.DBID])</onclick>
          <onclick condition="Container.Content(musicvideos)">RunScript(script.artwork.downloader,mediatype=musicvideos,dbid=$INFO[ListItem.DBID])</onclick>
        </control>
        <control type="togglebutton" id="20" description="Update library">
          <include>9000Buttons</include>
          <label>653</label>
          <altlabel>13353</altlabel>
          <usealttexture>library.isscanningmusic</usealttexture>
        </control>
        <control type="button" id="697" description="Playlist">
          <include>9000Buttons</include>
          <label>$LOCALIZE[31040]</label>
          <onclick>ActivateWindow(videoplaylist)</onclick>
        </control>
        <control type="button" id="698" description="Browse files">
          <include>9000Buttons</include>
          <label>$LOCALIZE[1024] $LOCALIZE[744]</label>
          <onclick>ActivateWindow(Videos,files)</onclick>
        </control>
        <control type="togglebutton" id="699" description="Playing">
          <enable>Player.HasMedia</enable>
          <include>9000Buttons</include>
          <label>$LOCALIZE[16003]</label>
          <altlabel>$LOCALIZE[31977]</altlabel>
          <usealttexture>Player.HasMedia</usealttexture>
          <onclick>fullscreen</onclick>
          <altclick>fullscreen</altclick>
          <animation effect="fade" start="100" end="60" time="100" condition="!Player.HasMedia">Conditional</animation>
        </control>
      </control>
    </control>
    <control type="group">
      <include>MediaHeader</include>
      <control type="label" description="Heading">
        <visible>IsEmpty(Container.FolderName)</visible>
        <include>HeadingR</include>
        <label>3</label>
      </control>
    </control>
  </controls>
</window>
