<?xml version="1.0" encoding="UTF-8"?>
<window>
  <defaultcontrol always="true">3000</defaultcontrol>
  <controls>
    <include>MiniBackground</include>
    <include>Header</include>

    <control type="image" description="Line Split">
      <posx>474</posx>
      <posy>60</posy>
      <width>6</width>
      <height>1020</height>
      <aspectratio>stretch</aspectratio>
      <texture>img/LineV.png</texture>
    </control>
    <control type="list" id="3000" description="Left - Button Area">
      <posx>60</posx>
      <posy>165</posy>
      <width>420</width>
      <height>900</height>
      <itemgap>9</itemgap>
      <onright>3001</onright>
      <onup>3000</onup>
      <ondown>3000</ondown>
      <orientation>vertical</orientation>
      <itemlayout width="415" height="80">
        <control type="image">
          <width>390</width>
          <height>70</height>
          <texture>img/SettingsButtonNF.png</texture>
          <aspectratio>stretch</aspectratio>
        </control>
        <control type="label">
          <width>390</width>
          <height>70</height>
          <textoffsetx>20</textoffsetx>
          <align>left</align>
          <aligny>center</aligny>
          <font>size23</font>
          <info>ListItem.Label</info>
        </control>
      </itemlayout>
      <focusedlayout width="415" height="80">
        <control type="image">
          <width>390</width>
          <height>70</height>
          <texture border="4">img/SettingsButtonFO.png</texture>
          <animation effect="fade" start="100" end="70" time="10" condition="!Control.HasFocus(3000)">Conditional</animation>
          <aspectratio>stretch</aspectratio>
        </control>
        <control type="label">
          <width>390</width>
          <height>70</height>
          <textoffsetx>20</textoffsetx>
          <align>left</align>
          <aligny>center</aligny>
          <font>size23</font>
          <info>ListItem.Label</info>
        </control>
      </focusedlayout>
      <content>
        <item id="3101">
          <label>General</label>
          <onclick>noop</onclick>
        </item>
        <item id="3103">
          <label>Views</label>
          <onclick>noop</onclick>
        </item>
        <item id="3104">
          <label>Homepage</label>
          <onclick>noop</onclick>
        </item>
        <item id="3102">
          <label>Add-ons</label>
          <onclick>noop</onclick>
        </item>
        <item id="3105">
          <label>Reset</label>
          <onclick>noop</onclick>
        </item>
      </content>
    </control>

    <control type="group" id="3001" description="Right panel">
      <posx>540</posx>
      <posy>165</posy>
      <width>892</width>
      <height>912</height>
      <control type="grouplist" id="3010" description="Category General">
        <visible>Container(3000).HasFocus(3101)</visible>
        <width>892</width>
        <height>900</height>
        <onleft>3000</onleft>
        <pagecontrol>3001</pagecontrol>
        <scrolltime tween="sine" easing="inout">280</scrolltime>
        <control type="radiobutton" id="3201" description="AutoScroll">
          <include>SkinSettingsButton</include>
          <label>$LOCALIZE[20189]</label>
          <onclick>Skin.ToggleSetting(AutoScroll)</onclick>
          <selected>Skin.HasSetting(AutoScroll)</selected>
        </control>
        <control type="radiobutton" id="3217" description="Advanced filter">
          <include>SkinSettingsButton</include>
          <label>$LOCALIZE[31974]</label>
          <onclick>Skin.ToggleSetting(AdvanceFilter)</onclick>
          <selected>Skin.HasSetting(AdvanceFilter)</selected>
        </control>
        <control type="radiobutton" id="3204" description="Scrollbars">
          <include>SkinSettingsButton</include>
          <label>$LOCALIZE[31999]</label>
          <onclick>Skin.ToggleSetting(Scrollbars_Active)</onclick>
          <selected>Skin.HasSetting(Scrollbars_Active)</selected>
        </control>
        <control type="radiobutton" id="3211" description="Show Clock">
          <include>SkinSettingsButton</include>
          <label>$LOCALIZE[31980]</label>
          <onclick>Skin.ToggleSetting(ShowClock)</onclick>
          <selected>Skin.HasSetting(ShowClock)</selected>
        </control>
        <control type="button" id="3210" description="Quit button function">
          <include>SkinSettingsButton</include>
          <label>$LOCALIZE[31982]</label>
          <label2 fallback="33061">$VAR[QuitLabel2]</label2>
          <onclick>ActivateWindow(1114)</onclick>
        </control>
      </control>
      <control type="grouplist" id="3011" description="Category Add-ons">
        <visible>Container(3000).HasFocus(3102)</visible>
        <width>892</width>
        <height>900</height>
        <onleft>3000</onleft>
        <pagecontrol>3001</pagecontrol>
        <scrolltime tween="sine" easing="inout">280</scrolltime>
        <control type="button" id="3202" description="Lyrics">
          <include>SkinSettingsButton</include>
          <label>$LOCALIZE[24020] $LOCALIZE[24013] $LOCALIZE[24000]</label>
          <label2>$INFO[Skin.String(LyricPath)]</label2>
          <onclick>Skin.SetAddon(LyricPath,xbmc.python.lyrics)</onclick>
        </control>
        <control type="button" id="3215" description="Skin Widgets">
          <include>SkinSettingsButton</include>
          <label>$LOCALIZE[24020] $LOCALIZE[31132] $LOCALIZE[24000]</label>
          <onclick>Addon.OpenSettings(service.skin.widgets)</onclick>
        </control>
      </control>
      <control type="grouplist" id="3012" description="Category Views">
        <visible>Container(3000).HasFocus(3103)</visible>
        <width>892</width>
        <height>900</height>
        <onleft>3000</onleft>
        <pagecontrol>3001</pagecontrol>
        <scrolltime tween="sine" easing="inout">280</scrolltime>
        <control type="radiobutton" id="3207" description="Additional view modes">
          <include>SkinSettingsButton</include>
          <label>31993</label>
          <onclick>Skin.ToggleSetting(AddViews)</onclick>
          <selected>Skin.HasSetting(AddViews)</selected>
        </control>
        <control type="radiobutton" id="3213" description="Unwatched/In progress badge">
          <include>SkinSettingsButton</include>
          <label>$LOCALIZE[31998]</label>
          <onclick>Skin.ToggleSetting(HideBadge_Unwatched)</onclick>
          <selected>Skin.HasSetting(HideBadge_Unwatched)</selected>
        </control>
        <control type="radiobutton" id="3214" description="3D badge">
          <include>SkinSettingsButton</include>
          <label>$LOCALIZE[31997]</label>
          <onclick>Skin.ToggleSetting(HideBadge_3D)</onclick>
          <selected>Skin.HasSetting(HideBadge_3D)</selected>
        </control>
        <control type="radiobutton" id="3216" description="Stream badge">
          <include>SkinSettingsButton</include>
          <label>$LOCALIZE[31975]</label>
          <onclick>Skin.ToggleSetting(HideBadge_Stream)</onclick>
          <selected>Skin.HasSetting(HideBadge_Stream)</selected>
        </control>
        <control type="radiobutton" id="3205" description="Options dialog">
          <include>SkinSettingsButton</include>
          <label>$LOCALIZE[31996]</label>
          <onclick>Skin.ToggleSetting(ViewOptions_Hide)</onclick>
          <selected>Skin.HasSetting(ViewOptions_Hide)</selected>
        </control>
        <!--<control type="button" id="3206" description="Poster view modes">
          <include>SkinSettingsButton</include>
          <label>$LOCALIZE[20343]</label>
          <label2>$LOCALIZE[31992]</label2>
          <onclick>Skin.ToggleSetting(PostersHide)</onclick>
          <selected>Skin.HasSetting(PostersHide)</selected>
        </control>
        <control type="button" id="3206" description="Poster view modes">
          <visible>!Skin.HasSetting(PostersHide)</visible>
          <include>SkinSettingsButton</include>
          <label>$LOCALIZE[20343]</label>
          <label2>$LOCALIZE[31991]</label2>
          <onclick>Skin.ToggleSetting(PostersHide)</onclick>
        </control>-->
      </control>
      <control type="grouplist" id="3013" description="Category Homepage">
        <visible>Container(3000).HasFocus(3104)</visible>
        <width>892</width>
        <height>900</height>
        <onleft>3000</onleft>
        <pagecontrol>3001</pagecontrol>
        <scrolltime tween="sine" easing="inout">280</scrolltime>
        <control type="button" id="3209" description="Home Menu">
          <include>SkinSettingsButton</include>
          <label>31989</label>
          <onclick>ActivateWindow(1117)</onclick>
        </control>
        <control type="button" id="3208" description="Home screen categories">
          <include>SkinSettingsButton</include>
          <label>31990</label>
          <onclick>ActivateWindow(1116)</onclick>
        </control>
      </control>
      <control type="grouplist" id="3014" description="Category Reset">
        <visible>Container(3000).HasFocus(3105)</visible>
        <width>892</width>
        <height>900</height>
        <onleft>3000</onleft>
        <pagecontrol>3001</pagecontrol>
        <scrolltime tween="sine" easing="inout">280</scrolltime>
        <control type="button" id="3212" description="Reset Skin">
          <include>SkinSettingsButton</include>
          <label>$LOCALIZE[31038]</label>
          <onclick>Skin.ResetSettings</onclick>
          <onclick>XBMC.ReloadSkin()</onclick>
          <icon>DefaultIconWarning.png</icon>
        </control>
      </control>
    </control>

    <control type="group" description="Left panel">
      <posy>0</posy>
      <control type="image" description="PVR">
        <visible>Container(3010).HasFocus(0) + !Skin.HasSetting(PVR_Enabled)</visible>
        <include>SkinSettingsImage</include>
        <posy>168</posy>
        <height>750</height>
        <texture>help/PVROFF.jpg</texture>
      </control>
      <control type="image" description="HomeMenu">
        <visible>Container(3010).HasFocus(0) + Skin.HasSetting(PVR_Enabled)</visible>
        <include>SkinSettingsImage</include>
        <posy>168</posy>
        <height>750</height>
        <texture>help/PVRON.jpg</texture>
      </control>
      <control type="textbox" description="AutoScroll">
        <visible>Control.HasFocus(3201)</visible>
        <include>SkinSettingsImage</include>
        <posy>360</posy>
        <height>378</height>
        <font>size20</font>
        <textcolor>Silver</textcolor>
        <align>justify</align>
        <aligny>bottom</aligny>
        <autoscroll delay="0" time="3000" repeat="10000">Skin.HasSetting(AutoScroll)</autoscroll>
        <label>Lorem ipsum dolor sit amet, consectetur adipisicing elit, sed do eiusmod tempor incididunt ut labore et dolore magna aliqua. Ut enim ad minim veniam, quis nostrud exercitation ullamco laboris nisi ut aliquip ex ea commodo consequat. Duis aute irure dolor in reprehenderit in voluptate velit esse cillum dolore eu fugiat nulla pariatur. Excepteur sint occaecat cupidatat non proident, sunt in culpa qui officia deserunt mollit anim id est laborum.</label>
      </control>
      <control type="image" description="MediaFilter">
        <visible>Control.HasFocus(3217)</visible>
        <include>SkinSettingsImage</include>
        <posy>348</posy>
        <height>384</height>
        <texture>help/MediaFilter.png</texture>
      </control>
      <control type="image" description="MediaFilter">
        <visible>Control.HasFocus(3217) + !Skin.HasSetting(AdvanceFilter)</visible>
        <include>SkinSettingsImage</include>
        <posy>348</posy>
        <height>384</height>
        <texture>help/OptionsMenuOFF.png</texture>
      </control>
      <control type="image" description="Logo">
        <visible>Control.HasFocus(3202) | Control.HasFocus(3203) | Control.HasFocus(3215)</visible>
        <include>SkinSettingsImage</include>
        <posy>348</posy>
        <height>384</height>
        <texture>DefaultAddon.png</texture>
      </control>
      <control type="image" description="HomeMenu">
        <visible>Control.HasFocus(3204)</visible>
        <include>SkinSettingsImage</include>
        <posy>168</posy>
        <height>750</height>
        <texture>help/ScrollOFF.jpg</texture>
      </control>
      <control type="image" description="HomeMenu">
        <visible>Control.HasFocus(3204) + Skin.HasSetting(Scrollbars_Active)</visible>
        <include>SkinSettingsImage</include>
        <posy>168</posy>
        <height>750</height>
        <texture>help/ScrollON.jpg</texture>
      </control>
      <control type="image" description="Menu">
        <visible>Control.HasFocus(3205)</visible>
        <include>SkinSettingsImage</include>
        <posy>348</posy>
        <height>384</height>
        <texture>help/OptionsMenu.png</texture>
      </control>
      <control type="image" description="Menu">
        <visible>Control.HasFocus(3205) + Skin.HasSetting(ViewOptions_Hide)</visible>
        <include>SkinSettingsImage</include>
        <posy>348</posy>
        <height>384</height>
        <texture>help/OptionsMenuOFF.png</texture>
      </control>
      <!--<control type="image" description="Menu">
        <visible>Container(3010).HasFocus(6) + !Skin.HasSetting(PostersHide)</visible>
        <animation effect="fade" time="200">VisibleChange</animation>
        <posx>1470</posx>
        <posy>273</posy>
        <width>400</width>
        <height>534</height>
        <aspectratio align="center" aligny="bottom">keep</aspectratio>
        <texture>help/Poster.jpg</texture>
      </control>
      <control type="image" description="Menu">
        <visible>Container(3010).HasFocus(6) + Skin.HasSetting(PostersHide)</visible>
        <animation effect="fade" time="200">VisibleChange</animation>
        <posx>1470</posx>
        <posy>348</posy>
        <width>400</width>
        <height>384</height>
        <aspectratio>keep</aspectratio>
        <texture>help/Banner.jpg</texture>
      </control>-->
      <control type="image" description="Views">
        <visible>Control.HasFocus(3207)</visible>
        <include>SkinSettingsImage</include>
        <posy>198</posy>
        <height>684</height>
        <texture>help/Grid.png</texture>
      </control>
      <control type="image" description="Views">
        <visible>Control.HasFocus(3207) + !Skin.HasSetting(AddViews)</visible>
        <include>SkinSettingsImage</include>
        <posy>348</posy>
        <height>384</height>
        <texture>help/OptionsMenuOFF.png</texture>
      </control>
      <control type="image" description="Views">
        <visible>Control.HasFocus(3213)</visible>
        <include>SkinSettingsImage</include>
        <posy>198</posy>
        <height>684</height>
        <texture>help/BadgeUnwatched.png</texture>
      </control>
      <control type="image" description="Views">
        <visible>Control.HasFocus(3213) + Skin.HasSetting(HideBadge_Unwatched)</visible>
        <include>SkinSettingsImage</include>
        <posy>348</posy>
        <height>384</height>
        <texture>help/OptionsMenuOFF.png</texture>
      </control>
      <control type="image" description="Views">
        <visible>Control.HasFocus(3214)</visible>
        <include>SkinSettingsImage</include>
        <posy>198</posy>
        <height>684</height>
        <texture>help/Badge3D.png</texture>
      </control>
      <control type="image" description="Views">
        <visible>Control.HasFocus(3214) + Skin.HasSetting(HideBadge_3D)</visible>
        <include>SkinSettingsImage</include>
        <posy>348</posy>
        <height>384</height>
        <texture>help/OptionsMenuOFF.png</texture>
      </control>
      <control type="image" description="Views">
        <visible>Control.HasFocus(3216)</visible>
        <include>SkinSettingsImage</include>
        <posy>198</posy>
        <height>684</height>
        <texture>help/BadgeStream.png</texture>
      </control>
      <control type="image" description="Views">
        <visible>Control.HasFocus(3216) + Skin.HasSetting(HideBadge_Stream)</visible>
        <include>SkinSettingsImage</include>
        <posy>348</posy>
        <height>384</height>
        <texture>help/OptionsMenuOFF.png</texture>
      </control>
      <control type="image" description="HomeMenu">
        <visible>Control.HasFocus(3208)</visible>
        <include>SkinSettingsImage</include>
        <posy>198</posy>
        <height>684</height>
        <texture>help/HomeMenu.png</texture>
      </control>
      <control type="image" description="HomeMenu">
        <visible>Control.HasFocus(3209)</visible>
        <include>SkinSettingsImage</include>
        <posy>198</posy>
        <height>684</height>
        <texture>help/Shelf.png</texture>
      </control>
      <control type="image" description="Quit button">
        <visible>Control.HasFocus(3210)</visible>
        <include>SkinSettingsImage</include>
        <posy>198</posy>
        <height>684</height>
        <texture>help/Quit.png</texture>
      </control>
      <control type="image" description="Show clock">
        <visible>Control.HasFocus(3211)</visible>
        <include>SkinSettingsImage</include>
        <posy>198</posy>
        <height>684</height>
        <texture>help/Clock.png</texture>
      </control>
      <control type="image" description="Reset settings">
        <visible>Control.HasFocus(3212)</visible>
        <include>SkinSettingsImage</include>
        <posy>378</posy>
        <height>234</height>
        <texture>help/Warning.png</texture>
      </control>
    </control>

  </controls>
</window>
