<?xml version="1.0" encoding="UTF-8"?>
<window>
  <defaultcontrol always="true">10</defaultcontrol>
  
  <onload condition="System.HasAddon(script.tv.show.next.aired)">RunScript(script.tv.show.next.aired,silent=True)</onload>
  
  <controls>
    <control type="button" id="10" description="Startup Trigger">
      <posx>15</posx>
      <posy>15</posy>
      <onfocus>ReplaceWindow($INFO[System.StartupWindow])</onfocus>
      <texturenofocus></texturenofocus>
      <texturefocus></texturefocus>
    </control>
  </controls>
</window>
